4.000000,-12518.364258,154.824814,2180.061279
4.000000,-11385.418945,-460.812897,2176.061279
5.000000,-13791.776367,-1155.252075,2186.061279
4.000000,-4296.895508,-1212.061401,2376.261475
4.000000,-4143.279785,-175.877640,2319.024902
4.000000,-12254.458008,-1193.845703,2186.061279
5.000000,-14016.255859,62.781990,2186.061279
4.000000,-11370.128906,83.938599,2147.522461
4.000000,-9295.458008,-1166.130493,2470.061279
4.000000,-6730.449219,75.453568,2470.061279
4.000000,-11957.525391,15.938600,2089.610840
4.000000,-9283.321289,-1212.061401,2408.609131
4.000000,-12780.876953,-987.864014,2115.061279
4.000000,-9432.044922,18.439964,2470.061279
4.000000,-11820.945312,-1212.061401,2146.402832
4.000000,-5317.987305,-1217.899414,2476.061279
4.000000,-5909.280762,24.704382,2291.983887
4.000000,-8960.018555,-1216.061401,2361.634033
4.000000,-7637.461914,-1212.061401,2426.719238
4.000000,-11865.860352,155.938599,2183.128662
4.000000,-11261.793945,-1212.074463,2086.061279
4.000000,-12341.179688,-181.969711,2090.061279
4.000000,-2058.950195,-1144.061401,2413.335938
4.000000,-8111.492676,119.619003,2470.061279
4.000000,-8948.280273,-181.206696,2293.075684
4.000000,-2530.628662,-1169.417725,2176.061279
4.000000,-7354.965332,-1212.061401,2245.654053
4.000000,-10294.006836,83.938599,2359.758545
4.000000,-9750.500977,83.938599,2218.309326
4.000000,-11546.462891,-574.553162,2174.061279
4.000000,-6935.767090,-1216.061401,2311.390869
4.000000,-6696.339844,-431.324768,2274.061279
4.000000,-8183.671875,-1271.375244,2182.061279
4.000000,-5178.218262,87.938599,2380.618164
4.000000,-3989.280029,-1182.400879,2327.589111
4.000000,-12930.807617,-18.170881,2140.061279
4.000000,-12741.743164,15.938600,2088.676514
4.000000,-2169.280029,-498.881287,2288.647217
4.000000,-7387.729004,-1183.353271,2476.061279
4.000000,-4712.717285,-1256.835449,2182.061279
4.000000,-9855.287109,-1150.301514,2176.061279
4.000000,-6609.279785,60.607990,2325.362061
4.000000,-10073.956055,83.938599,2233.308350
4.000000,-10049.598633,87.938599,2363.929443
4.000000,-11214.847656,55.803555,2174.061279
4.000000,-4246.740234,-1172.753662,2470.061279
4.000000,-12361.280273,-1086.786255,2135.800293
4.000000,-2609.449463,83.938599,2425.976562
4.000000,-10876.919922,21.627085,2240.992676
4.000000,-9882.143555,155.938599,2178.056641
4.000000,-8565.041992,87.938599,2448.992432
4.000000,-7574.948730,83.938599,2456.854736
4.000000,-2018.513794,15.938600,2180.435791
4.000000,-2994.280029,-25.556705,2259.094238
4.000000,-9482.362305,82.547638,2176.061279
4.000000,-5645.620605,42.662971,2182.061279
4.000000,-10656.140625,124.257820,2297.629150
4.000000,-9267.545898,83.938599,2362.598145
4.000000,-11600.876953,-781.056458,2176.061279
4.000000,-6413.317871,-1152.238037,2476.061279
4.000000,-8397.109375,155.938599,2177.036133
4.000000,-13103.053711,-916.504272,2185.374268
4.000000,-11449.594727,143.844360,2206.962158
5.000000,-13095.381836,-0.479949,2186.061279
4.000000,-6644.493164,-1216.061401,2412.118896
4.000000,-10255.942383,-1218.156372,2476.061279
5.000000,-13748.849609,-1216.084961,2186.061279
4.000000,-4888.919434,-1271.602173,2476.061279
4.000000,-2135.463135,-883.922607,2235.061279
4.000000,-11745.681641,87.938599,2165.947754
4.000000,-1447.966309,-1216.061401,2292.578125
4.000000,-6689.161133,-33.154060,2270.061279
4.000000,-3957.494629,89.199852,2470.061279
4.000000,-12350.689453,-553.242126,2090.220215
4.000000,-5432.094238,-1212.061401,2250.399414
5.000000,-13596.976562,103.710602,2086.061279
4.000000,-6746.735352,-562.074097,2426.061279
4.000000,-12633.693359,-359.061401,2121.642090
4.000000,-6534.824219,130.275986,2182.061279
4.000000,-12396.188477,-1216.061401,2129.311035
4.000000,-12082.576172,-788.132385,2081.061279
4.000000,-10447.933594,-1222.438110,2476.061279
4.000000,-10255.983398,41.996662,2443.084229
4.000000,-2999.747559,15.938600,2473.596680
4.000000,-1746.853271,17.291737,2176.061279
4.000000,-3923.991943,-1248.712524,2476.061279
4.000000,-7827.399414,26.541870,2182.061279
4.000000,-2495.951416,83.938599,2239.765381
5.000000,-13821.787109,65.758820,2086.061279
4.000000,-2851.664795,-1212.061401,2207.585205
4.000000,-8444.643555,-1284.061401,2472.799316
4.000000,-12014.281250,104.568420,2092.061279
4.000000,-5604.650879,-1212.061401,2289.749512
5.000000,-13516.163086,155.938599,2180.341309
4.000000,-12680.990234,-144.061401,2124.850098
4.000000,-2812.705566,-1212.061401,2355.049316
4.000000,-10971.395508,-1183.957397,2240.401123
4.000000,-12411.750977,-81.819229,2180.061279
4.000000,-8891.895508,-1281.182129,2176.061279
5.000000,-13397.783203,-764.061401,2121.863770
4.000000,-11573.280273,-1116.509399,2089.825928
4.000000,-9160.560547,31.953329,2470.061279
4.000000,-4264.324219,-1273.791748,2182.061279
4.000000,-2314.604004,-1273.899536,2424.949463
4.000000,-11736.638672,-1283.683472,2180.875488
4.000000,-4503.280762,-1140.577393,2406.693359
4.000000,-2052.734375,-1212.061401,2389.392090
4.000000,-4503.280762,-1161.396729,2324.047363
4.000000,-4836.187012,83.938599,2281.280762
5.000000,-14000.077148,-213.560577,2172.061279
4.000000,-10678.280273,-1159.139526,2105.338379
4.000000,-1409.340698,22.803911,2182.061279
4.000000,-12675.832031,-108.590843,2186.061279
4.000000,-10424.489258,-1216.061401,2366.123535
4.000000,-9913.245117,87.938599,2417.944580
4.000000,-11692.858398,-1229.207642,2092.061279
4.000000,-8706.015625,-1275.975830,2182.061279
4.000000,-3873.060059,86.699120,2476.061279
4.000000,-8120.076660,-1212.061401,2429.964355
4.000000,-2173.280029,-1036.269775,2250.612793
4.000000,-4558.870117,-1216.061401,2331.059814
5.000000,-13958.647461,-44.709305,2171.381104
4.000000,-2431.714600,131.924850,2182.061279
4.000000,-4591.184570,29.108099,2476.061279
4.000000,-3459.374756,-1240.812256,2176.061279
4.000000,-1477.737549,83.938599,2296.919678
4.000000,-10665.008789,-553.217224,2076.061279
4.000000,-8918.985352,-1200.495361,2476.061279
4.000000,-4752.856934,83.938599,2437.650391
4.000000,-11077.240234,-1276.755127,2086.061279
4.000000,-12551.780273,-43.815029,2082.494873
4.000000,-7908.695801,-1216.061401,2183.688721
4.000000,-3793.200684,-1169.643311,2176.061279
4.000000,-7659.635254,141.937149,2176.061279
4.000000,-3189.281006,-1148.699585,2325.328125
4.000000,-6765.578613,150.687134,2176.061279
4.000000,-5385.664551,-225.341537,2270.061279
4.000000,-6375.324219,153.163330,2176.061279
4.000000,-4748.938965,87.938599,2213.965332
4.000000,-6291.333008,79.940544,2182.061279
4.000000,-4196.949707,-1275.555176,2176.061279
4.000000,-3669.324219,-1212.061401,2248.396484
4.000000,-7787.383301,25.724422,2470.061279
4.000000,-12055.499023,-1359.596924,2076.061279
4.000000,-3561.248779,19.982822,2182.061279
4.000000,-7070.484863,-1216.061401,2311.298096
4.000000,-2108.447754,20.505436,2182.061279
5.000000,-13963.280273,-723.643860,2127.424805
4.000000,-8870.280273,-1114.915405,2426.500977
4.000000,-7228.734375,83.938599,2372.997314
4.000000,-12861.617188,-1152.322021,2092.061279
4.000000,-3155.139160,16.181709,2476.061279
4.000000,-4316.935059,43.021557,2470.061279
4.000000,-5452.231934,-1228.429565,2476.061279
4.000000,-9542.607422,-1216.061401,2291.254883
4.000000,-5247.775879,-1269.895020,2182.061279
4.000000,-5903.930664,-1221.926025,2176.061279
4.000000,-2499.473145,-1228.092285,2176.061279
4.000000,-9563.589844,19.575275,2176.061279
4.000000,-12789.196289,-452.322266,2161.163330
4.000000,-7198.972168,83.938599,2224.263428
4.000000,-6044.279785,69.606964,2182.061279
4.000000,-3220.215332,-1201.498779,2476.061279
4.000000,-4686.198730,-1088.979858,2472.018066
4.000000,-12966.613281,-366.764282,2186.061279
4.000000,-2070.983154,155.938599,2178.653320
4.000000,-5708.874023,-1212.061401,2347.950928
4.000000,-1503.525513,-1216.061401,2395.372070
4.000000,-5607.648926,83.938599,2256.788330
4.000000,-13035.725586,-1212.061401,2135.777588
5.000000,-13108.813477,150.676819,2086.061279
4.000000,-12877.103516,33.209251,2092.061279
4.000000,-3989.280029,-1166.397217,2273.642578
4.000000,-10344.958008,-1144.061401,2127.297119
4.000000,-2467.248291,-1216.061401,2391.238281
4.000000,-12461.254883,-721.214417,2186.061279
4.000000,-5383.115723,-751.306213,2270.061279
4.000000,-2936.291016,58.200867,2182.061279
4.000000,-4076.487061,-321.566223,2430.061279
4.000000,-11100.071289,-669.711304,2176.061279
4.000000,-5045.449707,-1165.416138,2176.061279
4.000000,-2119.073730,-515.113770,2387.061279
4.000000,-8952.280273,43.103977,2364.489014
4.000000,-10926.100586,-415.757935,2176.061279
4.000000,-2997.131592,-1193.353760,2176.061279
4.000000,-5909.280762,-1165.467651,2351.999512
4.000000,-2173.280029,-726.575134,2340.114258
4.000000,-8841.494141,141.345322,2476.061279
4.000000,-3642.906250,149.136963,2176.061279
4.000000,-11767.807617,-257.888580,2180.061279
4.000000,-9568.630859,-1273.356079,2476.061279
5.000000,-14287.858398,-1144.061401,2086.541748
4.000000,-3979.297607,-1173.309082,2476.061279
4.000000,-6763.279785,-555.466431,2337.492188
5.000000,-13921.889648,-1171.972168,2180.061279
4.000000,-6775.267090,83.938599,2273.146973
5.000000,-13963.280273,-260.111115,2087.744629
4.000000,-13056.834961,-1148.162354,2092.061279
5.000000,-13368.280273,-168.346710,2175.663574
4.000000,-5451.139648,-1165.506958,2470.061279
4.000000,-12944.997070,-1165.994141,2140.061279
4.000000,-5405.956055,-1216.061401,2302.770996
4.000000,-10675.280273,-239.358795,2129.168945
4.000000,-7237.820801,-1212.061401,2423.802490
4.000000,-4570.555176,28.031082,2182.061279
4.000000,-6703.644043,-172.955276,2274.061279
4.000000,-2173.280029,-98.389267,2283.201416
4.000000,-8948.280273,-142.752869,2354.030273
4.000000,-2323.439941,83.938599,2368.205078
4.000000,-6363.469727,-1188.846924,2476.061279
4.000000,-2169.280029,-667.262329,2327.812500
4.000000,-6608.993652,38.645355,2476.061279
5.000000,-13413.280273,-127.335030,2126.418701
5.000000,-13418.280273,-914.728210,2164.976318
4.000000,-8095.886719,83.938599,2327.809814
4.000000,-12853.430664,-100.277145,2186.061279
4.000000,-6378.199707,83.938599,2309.647705
4.000000,-2197.022461,-1212.061401,2402.880371
4.000000,-8265.601562,-1159.396240,2182.061279
4.000000,-5899.502930,-1216.061401,2392.918701
4.000000,-9837.573242,83.938599,2415.584473
4.000000,-7182.424805,166.862228,2182.061279
4.000000,-4997.174316,-1177.559570,2470.061279
4.000000,-12483.210938,-1216.061401,2128.565186
4.000000,-5299.279785,46.330883,2233.117920
4.000000,-4698.364746,-1246.097168,2470.061279
4.000000,-4404.484375,-1216.061401,2242.195801
4.000000,-6503.327637,-1270.107178,2470.061279
4.000000,-4101.212402,-384.478699,2430.061279
5.000000,-13669.415039,119.948242,2086.061279
4.000000,-8948.280273,-1118.329468,2368.735596
4.000000,-8759.250000,99.430420,2476.061279
4.000000,-11181.254883,-419.331390,2079.061279
4.000000,-12782.178711,-461.675659,2180.061279
4.000000,-10648.109375,-452.257111,2076.061279
4.000000,-10617.486328,83.938599,2234.531494
4.000000,-12947.923828,-1023.802490,2140.061279
4.000000,-8531.043945,-1212.061401,2445.077148
4.000000,-2571.202881,-1216.061401,2327.778809
4.000000,-8979.124023,141.284164,2182.061279
5.000000,-13603.780273,83.938599,2144.130859
4.000000,-8705.930664,33.056545,2476.061279
4.000000,-8420.411133,88.969040,2176.061279
4.000000,-12457.280273,-580.216980,2154.336182
5.000000,-13992.725586,-1181.774414,2086.061279
4.000000,-7970.752930,-1279.645020,2182.061279
4.000000,-5575.712891,50.595814,2176.061279
4.000000,-4612.255371,-1216.061401,2357.595459
4.000000,-8443.626953,-1284.061401,2181.125244
4.000000,-12525.201172,-962.728027,2135.061279
4.000000,-2309.858643,-1266.483887,2176.061279
4.000000,-12048.280273,-582.192078,2169.061768
4.000000,-6038.552734,-1216.061401,2186.281494
4.000000,-8086.724609,-1212.061401,2342.392822
4.000000,-2819.522949,83.938599,2249.206543
4.000000,-9210.427734,153.929199,2176.061279
4.000000,-10331.480469,-1212.061401,2160.283936
4.000000,-13084.541992,-852.045959,2186.061279
4.000000,-5749.749023,-33.010067,2470.061279
5.000000,-13188.446289,-394.061401,2183.025146
4.000000,-12355.280273,-386.321350,2156.271484
4.000000,-11162.286133,-541.508484,2180.061279
4.000000,-12622.632812,-103.125099,2180.061279
4.000000,-11851.572266,-137.619186,2180.061279
4.000000,-4772.980469,-1216.117554,2472.334961
4.000000,-7938.577637,83.938599,2353.907959
4.000000,-4528.445801,0.315092,2470.061279
4.000000,-9140.830078,-1216.061401,2306.020996
4.000000,-11203.003906,-815.269348,2177.061279
4.000000,-4553.560547,155.938599,2473.208496
5.000000,-13418.280273,-418.779205,2107.485352
4.000000,-1186.741089,-1215.966675,2382.061279
4.000000,-12947.509766,-936.866272,2186.061279
4.000000,-3377.608643,-1271.838379,2476.061279
5.000000,-14108.613281,155.158615,2086.061279
4.000000,-10636.410156,-859.237183,2076.061279
4.000000,-12804.178711,87.938599,2135.189209
4.000000,-10782.430664,-1158.050171,2247.600098
4.000000,-8948.280273,-1.446204,2410.308594
4.000000,-7568.900879,114.442215,2176.061279
4.000000,-11972.239258,-1159.008057,2180.061279
4.000000,-2804.103516,148.113403,2463.473633
4.000000,-4553.703613,-1216.061401,2409.879639
4.000000,-2142.535889,-1216.061401,2192.686523
5.000000,-14167.194336,-1155.519653,2092.061279
4.000000,-4945.585449,-1216.061401,2296.554688
4.000000,-13084.713867,-1079.309937,2186.061279
4.000000,-13027.967773,-578.805115,2180.061279
4.000000,-2110.232178,-787.231140,2391.061279
4.000000,-12585.180664,-88.331947,2139.071289
4.000000,-2134.679199,-1214.479004,2416.061279
4.000000,-10678.280273,-338.442017,2124.418457
5.000000,-13073.045898,-478.437683,2180.061279
4.000000,-9031.041016,-1153.759399,2470.061279
4.000000,-8245.948242,-1216.061401,2359.832031
4.000000,-10552.898438,-979.427124,2176.061279
5.000000,-13476.053711,-391.375488,2188.498291
4.000000,-1777.736206,-1211.771851,2176.061279
4.000000,-10468.634766,15.938600,2471.853027
4.000000,-8948.280273,-233.997818,2311.775146
4.000000,-3194.553955,63.052334,2476.061279
4.000000,-10614.408203,98.761612,2345.803223
4.000000,-10057.829102,-1212.061401,2249.412842
4.000000,-5293.279785,-1257.906616,2276.324951
4.000000,-11185.280273,-650.038574,2124.167725
4.000000,-6352.438965,-1254.076904,2476.061279
4.000000,-6699.080566,54.372433,2274.061279
4.000000,-4881.677734,83.938599,2469.581543
4.000000,-7445.102051,-1151.253296,2176.061279
4.000000,-9600.104492,133.582306,2476.061279
4.000000,-2173.280029,-410.887878,2379.922119
4.000000,-5299.279785,-1169.566772,2252.188232
4.000000,-12828.425781,-312.505096,2186.061279
4.000000,-8058.342285,148.554382,2470.061279
4.000000,-13009.280273,-333.398163,2148.880371
4.000000,-9585.158203,-1212.061401,2423.407715
4.000000,-7370.504883,83.938599,2416.598389
5.000000,-13181.292969,98.830643,2186.061279
4.000000,-5665.690918,-1216.061401,2282.708252
5.000000,-13413.280273,-592.200012,2114.743652
4.000000,-10672.840820,-802.389099,2079.172852
4.000000,-12347.064453,-1269.213257,2180.061279
4.000000,-9395.253906,83.938599,2243.443848
4.000000,-2164.251709,-90.481110,2231.061279
4.000000,-10473.030273,34.562996,2289.704590
4.000000,-12541.083008,-533.663025,2081.061279
4.000000,-3509.377686,89.366302,2476.061279
4.000000,-3452.813965,25.413843,2176.061279
4.000000,-2790.841309,-1212.061401,2240.439453
4.000000,-9738.632812,-1284.061401,2180.711670
4.000000,-6131.466309,49.773117,2476.061279
4.000000,-6096.076660,23.768251,2176.061279
4.000000,-2723.644531,149.970276,2451.122803
4.000000,-8450.954102,125.011887,2476.061279
4.000000,-5354.453125,-1216.061401,2247.421875
4.000000,-9022.581055,87.938599,2307.935791
4.000000,-4143.279785,-1112.258423,2386.965820
4.000000,-13007.237305,-1252.815552,2086.061279
4.000000,-11616.624023,-284.416534,2076.061279
4.000000,-8937.583984,-1002.374878,2270.061279
4.000000,-9266.923828,18.997608,2176.061279
4.000000,-1696.569092,155.247757,2182.061279
4.000000,-2169.280029,-441.891235,2246.378662
4.000000,-4829.991699,147.929047,2476.061279
4.000000,-12501.780273,-1221.181519,2079.977539
4.000000,-4139.279785,-269.072113,2383.278320
5.000000,-13543.286133,137.693832,2086.061279
4.000000,-4889.703125,149.093765,2176.061279
4.000000,-3349.754639,-46.135944,2470.061279
4.000000,-6723.459961,-783.461731,2430.061279
4.000000,-2173.280029,-1147.248901,2224.727539
4.000000,-1053.382935,19.917709,2182.061279
4.000000,-12860.275391,-727.490051,2180.061279
4.000000,-11709.736328,19.804224,2086.061279
4.000000,-11185.280273,-1101.331543,2114.572510
4.000000,-12510.503906,-319.667053,2076.061279
4.000000,-7735.373535,83.938599,2373.012939
4.000000,-1007.432434,-1162.760010,2176.061279
4.000000,-7697.484375,-1216.061401,2244.593506
4.000000,-5449.279785,-1050.372437,2400.458984
4.000000,-8831.462891,-1212.061401,2235.303955
4.000000,-5453.279785,40.858631,2372.466797
4.000000,-8739.453125,32.773048,2176.061279
4.000000,-9914.388672,91.805847,2476.061279
4.000000,-8777.680664,-1277.197876,2176.061279
4.000000,-4143.279785,15.466734,2229.173340
4.000000,-1959.723999,87.938599,2265.609131
4.000000,-11544.468750,-793.308960,2177.061279
5.000000,-13159.941406,-812.109924,2095.024414
5.000000,-13111.280273,-355.305878,2105.371582
4.000000,-8900.687500,83.938599,2461.610596
4.000000,-11539.476562,-470.678955,2177.061279
4.000000,-5977.114746,135.002869,2182.061279
4.000000,-5746.747559,83.938599,2313.154541
4.000000,-3162.369385,-1248.082886,2476.061279
4.000000,-2998.083496,-1203.645020,2470.061279
4.000000,-12914.392578,-121.364510,2135.061279
4.000000,-7257.577148,83.938599,2463.750488
4.000000,-1977.279907,138.374237,2410.061279
4.000000,-12048.280273,-272.514221,2114.537598
4.000000,-9268.157227,-1212.061401,2251.405273
4.000000,-3847.625488,-1146.516113,2176.061279
4.000000,-6293.939453,83.938599,2241.114746
4.000000,-3983.280029,131.393616,2425.825928
4.000000,-6733.623535,-1007.661499,2270.061279
5.000000,-14282.091797,126.425682,2177.709961
4.000000,-1755.709595,-1276.640991,2182.061279
4.000000,-8481.062500,-1216.061401,2400.887451
5.000000,-13622.626953,-740.027161,2183.577637
4.000000,-2173.280029,-442.783569,2317.774414
4.000000,-7851.229004,83.938599,2436.083252
4.000000,-7191.934570,109.693794,2470.061279
4.000000,-8643.780273,-1274.595459,2176.061279
4.000000,-8778.617188,104.329918,2182.061279
4.000000,-12093.280273,-584.443420,2080.712891
4.000000,-5729.423340,-1087.421143,2470.061279
4.000000,-6355.626953,87.938599,2424.984619
4.000000,-5398.586426,151.916016,2176.061279
4.000000,-11603.299805,148.739182,2196.213867
4.000000,-5381.374512,-977.442078,2274.061279
4.000000,-2912.362061,-1212.061401,2238.332275
4.000000,-3053.763916,-1176.441528,2476.061279
4.000000,-9253.873047,145.104019,2470.061279
4.000000,-3212.723633,-1216.061401,2429.853271
4.000000,-12791.758789,31.682795,2086.061279
4.000000,-2500.287598,19.630005,2182.061279
4.000000,-8782.018555,38.847641,2470.061279
4.000000,-8191.333496,18.374006,2176.061279
4.000000,-7238.334473,-1297.012573,2182.061279
4.000000,-1761.590942,87.938599,2399.204346
4.000000,-2142.464111,-651.211548,2387.061279
4.000000,-4396.037598,87.938599,2341.369629
4.000000,-3055.368896,148.333679,2176.061279
4.000000,-10115.501953,15.938600,2472.710449
4.000000,-8986.921875,-1271.281372,2476.061279
4.000000,-8948.280273,-414.225647,2407.197510
4.000000,-5449.279785,-50.869110,2398.699463
5.000000,-13311.058594,-1144.061401,2087.692139
4.000000,-5977.612305,-1217.012207,2182.061279
4.000000,-6291.229492,83.938599,2318.704346
4.000000,-12535.348633,-1025.391113,2140.061279
4.000000,-2816.731934,144.901596,2176.061279
4.000000,-6763.279785,-1067.762817,2315.135986
4.000000,-11323.559570,-1216.061401,2122.681396
4.000000,-2871.554199,23.004463,2468.782227
4.000000,-8377.734375,87.938599,2331.899170
4.000000,-10716.514648,-1280.192505,2252.209473
4.000000,-12008.439453,-883.576721,2172.061279
4.000000,-12001.630859,-22.636272,2172.061279
4.000000,-10694.232422,-1110.522705,2177.061279
4.000000,-10088.579102,-1164.175903,2470.061279
5.000000,-13523.243164,15.938600,2183.754639
4.000000,-4513.787109,-1212.061401,2362.076172
4.000000,-10927.105469,-1145.710449,2237.483398
4.000000,-11152.260742,-797.694275,2076.061279
4.000000,-7640.113281,-1212.061401,2364.366699
4.000000,-12579.076172,155.938599,2185.719238
4.000000,-12021.612305,-460.764862,2172.061279
4.000000,-2480.830322,-1148.056396,2176.061279
4.000000,-2995.549561,-1086.485352,2392.061279
4.000000,-6930.159668,-1278.434692,2476.061279
4.000000,-7067.183594,144.491974,2182.061279
4.000000,-6749.782227,-584.578003,2274.061279
4.000000,-1035.201538,-1216.061401,2293.099121
4.000000,-5711.956543,36.623028,2182.061279
4.000000,-4233.970215,-1212.061401,2338.291992
4.000000,-12978.736328,-881.421204,2180.061279
4.000000,-4429.570312,-1282.300659,2176.061279
4.000000,-9808.994141,148.742538,2470.061279
4.000000,-4549.219727,85.487991,2476.061279
4.000000,-1109.159546,-1204.985840,2182.061279
4.000000,-9680.009766,-1203.769409,2476.061279
4.000000,-10900.690430,21.518148,2086.061279
4.000000,-8288.771484,-1272.371460,2476.061279
4.000000,-12043.280273,-379.109497,2124.447754
4.000000,-11785.544922,-880.663513,2178.844482
4.000000,-1972.470947,83.938599,2332.753662
5.000000,-13746.004883,131.544525,2186.061279
4.000000,-7354.142090,-1148.926270,2182.061279
4.000000,-3881.079102,-1161.438110,2476.061279
4.000000,-7555.110352,-1212.061401,2461.802002
4.000000,-12729.826172,-65.033287,2186.061279
4.000000,-4430.286621,15.938600,2179.857666
4.000000,-8103.704590,-1216.061401,2238.971924
4.000000,-2148.867920,-1212.061401,2348.244385
4.000000,-10353.038086,-1064.334229,2180.061279
4.000000,-1218.357056,-1212.061401,2311.257568
4.000000,-2736.067383,83.938599,2441.343994
4.000000,-2114.023438,-442.039093,2391.061279
4.000000,-8882.378906,-806.422974,2270.061279
4.000000,-11573.280273,-355.264954,2108.857178
4.000000,-5449.279785,-201.601990,2287.901367
4.000000,-9832.166016,-1265.289429,2176.061279
4.000000,-3145.177490,-1176.679443,2476.061279
4.000000,-3587.825928,-1241.339722,2182.061279
4.000000,-6327.105469,62.555378,2476.061279
5.000000,-13463.280273,-1301.012085,2082.282715
4.000000,-7444.934570,15.938600,2474.351074
4.000000,-12048.280273,-323.734650,2144.659424
5.000000,-13423.157227,-988.909485,2081.061279
5.000000,-13085.886719,48.526081,2086.061279
4.000000,-9412.788086,87.938599,2426.392822
4.000000,-4840.235352,-1216.061401,2294.276855
4.000000,-10765.195312,-1216.061401,2131.307373
4.000000,-8942.334961,-911.745544,2429.776611
4.000000,-3084.862549,-1128.553955,2470.061279
4.000000,-7584.484375,18.972082,2470.061279
5.000000,-13897.015625,94.890511,2092.061279
4.000000,-3893.030029,-1212.061401,2400.852051
4.000000,-10712.077148,-1167.722168,2174.061279
5.000000,-13443.829102,-732.993713,2081.061279
4.000000,-12709.928711,-984.061401,2120.580566
5.000000,-14119.915039,-1163.549438,2180.061279
4.000000,-13009.280273,-842.553223,2146.531494
4.000000,-12893.894531,-537.350281,2186.061279
4.000000,-2593.574707,-1148.419312,2176.061279
4.000000,-12587.280273,16.793440,2148.086426
4.000000,-10606.964844,-1162.061401,2112.061035
4.000000,-5227.141113,78.819084,2176.061279
4.000000,-2596.170410,148.997833,2447.109131
4.000000,-7689.395996,87.938599,2264.444580
5.000000,-13264.933594,146.407425,2086.061279
4.000000,-9608.416016,-1197.810425,2476.061279
5.000000,-13929.963867,-1154.393799,2086.061279
4.000000,-10735.940430,-1229.905518,2260.875488
4.000000,-2384.660645,-1247.718384,2182.061279
4.000000,-6714.587402,-1170.998413,2426.061279
4.000000,-6260.813965,87.938599,2373.011963
5.000000,-13532.520508,144.415466,2086.061279
5.000000,-13700.308594,-811.788513,2190.150146
4.000000,-11999.737305,-251.383530,2177.061279
4.000000,-5776.125977,-1198.781372,2470.061279
5.000000,-13764.581055,-790.350647,2190.623779
4.000000,-12838.230469,50.211502,2180.061279
4.000000,-12478.832031,-249.987518,2135.061279
4.000000,-10648.866211,-551.648987,2079.061279
4.000000,-7927.866699,-1162.395996,2470.061279
4.000000,-11650.489258,-1148.109253,2092.061279
4.000000,-9368.473633,87.938599,2467.395264
4.000000,-12547.768555,81.938599,2129.280762
4.000000,-6499.679199,-1212.061401,2194.457520
4.000000,-6012.747070,-1216.061401,2349.342529
4.000000,-5153.079102,24.986862,2470.061279
4.000000,-5452.300293,-466.465057,2425.850098
4.000000,-9683.060547,-1154.667847,2176.061279
5.000000,-14003.077148,-896.271729,2177.061279
4.000000,-12606.740234,-1096.180908,2186.061279
4.000000,-12095.764648,-1212.061401,2129.676758
4.000000,-13036.225586,-907.922974,2180.061279
4.000000,-3094.184570,15.938600,2181.643066
4.000000,-11697.096680,-896.532898,2178.517822
5.000000,-13676.541016,-381.394348,2183.974854
4.000000,-5492.250000,16.973112,2470.061279
4.000000,-12409.387695,-698.818604,2186.061279
4.000000,-2107.982178,-445.521759,2387.061279
4.000000,-7575.365723,87.938599,2305.300781
5.000000,-13997.449219,-375.535828,2172.061279
4.000000,-12816.597656,-1216.061401,2093.563965
4.000000,-10678.280273,-996.691284,2131.211426
4.000000,-3983.280029,-1240.514038,2303.392090
4.000000,-5602.605957,83.938599,2352.690186
4.000000,-5809.280762,-1100.011841,2466.425781
5.000000,-13130.888672,-356.734711,2185.955566
4.000000,-12543.672852,-988.700928,2186.061279
4.000000,-12202.905273,15.945896,2092.061279
4.000000,-4159.685059,20.409225,2476.061279
5.000000,-13078.067383,141.898392,2180.061279
4.000000,-5989.163086,-1212.061401,2243.189941
5.000000,-13137.875000,40.351036,2092.061279
4.000000,-897.426819,83.938599,2292.719238
4.000000,-2787.215576,-1145.413452,2182.061279
4.000000,-12728.500977,151.790207,2180.061279
4.000000,-2396.516846,92.302200,2431.395996
4.000000,-8948.280273,-315.156921,2287.830566
4.000000,-4098.315430,142.719452,2176.061279
5.000000,-13917.864258,-344.464691,2076.061279
4.000000,-4022.903320,83.938599,2460.312256
4.000000,-10466.580078,89.065933,2087.782715
4.000000,-4143.279785,16.420961,2380.007568
4.000000,-8871.236328,-343.396851,2270.061279
4.000000,-10520.517578,153.606384,2435.640137
4.000000,-5453.279785,-462.110291,2411.079102
4.000000,-10410.239258,-1216.061401,2213.644043
4.000000,-8948.280273,-665.248718,2302.868408
4.000000,-7364.562500,-1251.037598,2182.061279
4.000000,-8289.404297,-1212.061401,2208.344238
5.000000,-13324.498047,72.081604,2086.061279
4.000000,-6765.967285,-1274.975830,2176.061279
5.000000,-13105.280273,-516.742371,2109.688232
4.000000,-12551.780273,-573.074585,2112.916992
4.000000,-10675.280273,-772.302185,2141.151123
4.000000,-13077.917969,-1204.996948,2086.061279
4.000000,-2773.958984,34.012939,2455.082764
4.000000,-11503.054688,-1281.906860,2092.061279
4.000000,-2619.856445,-1216.061401,2419.310059
4.000000,-13012.213867,-26.395958,2186.061279
4.000000,-4572.390137,-1253.655151,2176.061279
4.000000,-2169.280029,-96.083664,2342.523926
4.000000,-6330.711426,-1279.281982,2176.061279
4.000000,-3516.596191,-1274.967041,2470.061279
4.000000,-12688.390625,-1119.766113,2180.061279
4.000000,-1421.280151,-1144.780518,2315.203125
4.000000,-3222.197021,-1216.061401,2290.061035
4.000000,-5031.280762,87.938599,2282.746094
4.000000,-8778.971680,-1216.061401,2285.890625
4.000000,-8577.471680,16.108103,2470.061279
4.000000,-2915.669922,148.063248,2176.061279
5.000000,-13816.192383,-389.164215,2191.003906
4.000000,-1098.528564,-1216.061401,2297.903076
4.000000,-9053.646484,17.355989,2182.061279
4.000000,-7391.351074,-1216.061401,2412.515137
4.000000,-5366.849121,-1278.378662,2182.061279
4.000000,-6329.414062,150.279236,2470.061279
5.000000,-13354.568359,-1212.061401,2130.413330
4.000000,-2542.422852,-1216.061401,2277.428223
4.000000,-12914.780273,179.263885,2076.344727
4.000000,-5498.833984,150.949799,2182.061279
4.000000,-5736.029297,-38.402969,2476.061279
4.000000,-12078.126953,-99.326233,2076.061279
5.000000,-13665.852539,-1221.979248,2186.061279
4.000000,-4084.580322,-1183.965088,2176.061279
4.000000,-11048.930664,31.423954,2228.964600
4.000000,-1664.446777,-1161.777466,2182.061279
4.000000,-10725.285156,-1207.939697,2092.061279
4.000000,-5551.034180,83.938599,2251.472656
4.000000,-3289.281006,24.854782,2363.104004
4.000000,-11220.308594,-457.969757,2177.061279
4.000000,-2173.280029,-949.777466,2249.871338
4.000000,-5089.270508,83.938599,2330.026855
4.000000,-6042.574707,-1147.215942,2176.061279
4.000000,-11009.001953,-726.231567,2180.061279
4.000000,-9819.077148,148.355270,2176.061279
5.000000,-13342.933594,-1163.090210,2186.061279
4.000000,-12868.742188,-1251.705078,2186.061279
4.000000,-8288.642578,-1216.061401,2316.880371
4.000000,-6370.937012,-1216.061401,2307.519287
4.000000,-3846.271729,-1212.061401,2218.412109
4.000000,-2549.208984,-1263.358765,2182.061279
4.000000,-9838.150391,15.938600,2181.035645
4.000000,-11622.866211,151.702759,2188.831055
4.000000,-3516.115234,-1212.061401,2452.464844
4.000000,-11326.682617,-667.600830,2176.597900
4.000000,-3486.121338,-1151.529907,2476.061279
5.000000,-13560.420898,-809.219482,2189.119629
4.000000,-9329.228516,87.938599,2246.427490
4.000000,-7033.325195,87.938599,2307.634521
4.000000,-11284.058594,-1162.903809,2086.061279
4.000000,-1996.105591,150.478760,2176.061279
4.000000,-5545.770508,-1217.193970,2476.061279
4.000000,-12497.181641,-834.137939,2135.061279
4.000000,-1302.736816,128.228287,2182.061279
4.000000,-6757.775879,-403.493134,2425.122314
4.000000,-965.162720,80.134529,2176.061279
4.000000,-2108.722656,-77.372276,2235.061279
4.000000,-2263.814941,152.808334,2414.933594
4.000000,-3302.059082,-1284.061401,2179.309326
4.000000,-12840.360352,-913.789856,2180.061279
4.000000,-2962.996094,87.938599,2272.921631
4.000000,-2169.280029,-159.541229,2317.286865
4.000000,-11068.937500,83.938599,2092.357666
4.000000,-2202.881592,96.648201,2176.061279
4.000000,-3520.177246,-1284.061401,2177.359863
5.000000,-13716.929688,-741.656067,2184.272461
4.000000,-4076.913574,-1151.503296,2274.061279
5.000000,-13933.140625,-326.550812,2179.864990
4.000000,-11203.196289,-669.807373,2177.061279
4.000000,-5243.613281,-1269.391724,2176.061279
4.000000,-11576.280273,-1146.051025,2160.954346
4.000000,-10678.280273,-900.304321,2109.493408
4.000000,-12674.957031,-1278.188599,2086.061279
4.000000,-3847.134033,-1216.061401,2297.354736
4.000000,-1511.551636,-1276.995361,2410.061279
4.000000,-4477.488281,77.073715,2476.061279
4.000000,-5423.590820,-332.404175,2270.061279
5.000000,-13333.101562,69.558846,2086.061279
4.000000,-6408.776367,-1223.320557,2176.061279
4.000000,-8997.384766,-1212.061401,2437.479004
4.000000,-5609.739258,-1147.015625,2476.061279
4.000000,-12367.029297,87.938599,2134.269043
4.000000,-3927.913574,-1212.061401,2337.896973
4.000000,-6551.087891,83.938599,2385.672119
5.000000,-13108.865234,-584.649048,2181.219482
4.000000,-4262.904785,-1274.614746,2470.061279
4.000000,-5505.984375,83.938599,2383.694824
4.000000,-3928.501465,41.656265,2476.061279
4.000000,-10661.483398,-138.118301,2079.061279
4.000000,-7571.105957,83.938599,2240.440430
4.000000,-10200.515625,-1260.626465,2172.549561
4.000000,-10091.183594,87.938599,2417.043945
5.000000,-13915.781250,-1329.856201,2086.061279
4.000000,-4383.370605,-1144.541504,2476.061279
4.000000,-4829.799316,83.938599,2432.989746
4.000000,-12513.724609,-1302.057251,2076.061279
4.000000,-12701.870117,-1229.595947,2186.061279
4.000000,-4617.920410,83.938599,2332.382568
4.000000,-5453.279785,-18.061234,2337.481689
4.000000,-12205.226562,128.405167,2186.061279
4.000000,-2173.280029,-999.037292,2295.448486
4.000000,-12696.780273,143.701828,2086.061279
4.000000,-8944.173828,-110.948486,2277.472412
4.000000,-8948.280273,6.647819,2315.114990
4.000000,-4372.481934,9.781759,2476.061279
4.000000,-4142.017090,-78.043442,2273.771973
4.000000,-6144.792480,-1216.061401,2231.995117
4.000000,-4986.128906,-1264.270386,2176.061279
4.000000,-8509.416992,-1212.061401,2240.695312
4.000000,-11144.701172,101.568977,2228.282471
4.000000,-13046.287109,-256.353607,2180.061279
4.000000,-5809.280762,-1160.702271,2447.702637
4.000000,-4945.943848,-1212.061401,2350.513428
4.000000,-5913.280762,-1096.345825,2451.176270
4.000000,-10340.916992,-1216.061401,2342.393555
4.000000,-3815.929443,87.938599,2358.891602
4.000000,-3638.189697,-1178.995239,2470.061279
5.000000,-13958.280273,-499.036285,2099.291260
4.000000,-11533.696289,31.833220,2177.061279
4.000000,-4268.071777,-1277.046631,2176.061279
4.000000,-3002.951172,145.130356,2476.061279
4.000000,-2722.977783,28.061029,2176.061279
4.000000,-4143.279785,-1133.104004,2321.345947
4.000000,-3720.944824,87.938599,2299.039307
4.000000,-10230.248047,36.444347,2363.877441
4.000000,-10240.024414,99.588165,2476.061279
4.000000,-5994.847656,-1094.086060,2476.061279
4.000000,-12540.033203,-1168.484741,2140.061279
4.000000,-11505.435547,-1195.453003,2203.057373
5.000000,-13114.005859,155.938599,2087.324951
4.000000,-1122.224243,-1272.180298,2176.061279
4.000000,-4250.388672,138.286423,2182.061279
4.000000,-5121.046387,89.022186,2476.061279
4.000000,-6609.279785,-1246.840576,2226.064453
4.000000,-8867.324219,-1235.682007,2476.061279
4.000000,-6900.637695,-1147.437866,2476.061279
4.000000,-5450.358887,-179.741074,2428.196777
4.000000,-11141.143555,-1321.350830,2086.061279
4.000000,-5442.152344,-919.219727,2270.061279
4.000000,-12925.673828,-829.736145,2186.061279
4.000000,-4083.143311,-954.776306,2426.061279
4.000000,-2998.280029,-1161.412109,2269.839844
4.000000,-4599.280762,-4.006708,2412.585938
4.000000,-2102.530273,-1216.061401,2289.380127
4.000000,-6831.185547,-1212.061401,2237.500244
4.000000,-10985.809570,35.006317,2092.061279
4.000000,-11229.379883,-25.197792,2177.061279
4.000000,-2706.948486,-1216.061401,2391.435547
4.000000,-9941.829102,-1216.061401,2468.504150
4.000000,-7928.391113,-1212.061401,2334.474365
4.000000,-11382.160156,133.769058,2211.677490
4.000000,-10629.525391,-627.627319,2079.061279
4.000000,-10663.611328,-1233.179810,2201.811768
4.000000,-2762.810791,83.938599,2378.710205
4.000000,-12489.295898,-1055.427368,2135.061279
4.000000,-4676.790527,-32.095337,2476.061279
4.000000,-4599.280762,22.143291,2348.313477
4.000000,-3845.801514,133.979233,2176.061279
4.000000,-12574.541016,-1212.061401,2121.787842
4.000000,-1735.758301,-1232.809082,2410.061279
4.000000,-2968.722900,111.746582,2176.061279
4.000000,-4214.300293,-1216.061401,2199.475830
4.000000,-12511.870117,24.764380,2076.061279
4.000000,-8746.933594,87.938599,2389.777832
4.000000,-5180.550781,-1212.061401,2193.800293
4.000000,-3539.216553,-1212.061401,2294.350098
5.000000,-13770.498047,-1175.780518,2086.061279
4.000000,-12540.022461,-1357.555908,2076.061279
4.000000,-12325.463867,68.030487,2180.061279
4.000000,-11029.395508,-1147.532959,2230.330566
4.000000,-4146.502930,87.938599,2341.693115
4.000000,-7793.233887,87.938599,2412.020508
4.000000,-5286.908691,-1147.374878,2182.061279
4.000000,-5296.398926,33.938599,2315.028809
4.000000,-10170.735352,130.517807,2470.061279
4.000000,-12945.774414,-560.773254,2135.061279
4.000000,-7873.291504,83.938599,2376.510742
4.000000,-11655.525391,-278.134460,2176.061279
4.000000,-6831.875977,149.574188,2476.061279
4.000000,-11054.165039,22.247869,2086.061279
5.000000,-13105.280273,-84.207298,2120.142090
4.000000,-13065.245117,-755.300476,2180.061279
5.000000,-14242.230469,-1275.259644,2181.696045
4.000000,-5533.520020,-1260.475952,2176.061279
4.000000,-7702.986816,87.938599,2427.138672
4.000000,-8677.257812,-1228.009033,2176.061279
4.000000,-2449.245117,-1268.116455,2176.061279
4.000000,-8743.334961,-1216.061401,2229.999756
4.000000,-8035.783203,15.938600,2181.920654
4.000000,-7140.549805,-1212.061401,2455.462402
4.000000,-13004.280273,-407.237122,2147.340332
4.000000,-8863.098633,-1159.322144,2476.061279
5.000000,-13162.280273,-873.736877,2108.228760
4.000000,-12191.798828,-1269.424072,2092.061279
4.000000,-7670.203125,89.677582,2476.061279
4.000000,-5371.251465,-1216.061401,2366.827637
4.000000,-8059.416992,-1212.061401,2427.243896
4.000000,-8332.013672,-1209.849976,2176.061279
4.000000,-3293.281006,33.499653,2241.840088
4.000000,-10444.723633,83.938599,2416.622314
4.000000,-5087.361328,149.132278,2176.061279
4.000000,-8944.280273,-889.332886,2360.993408
4.000000,-8813.639648,21.974789,2182.061279
4.000000,-3894.620605,83.938599,2281.418457
4.000000,-7181.378418,-1212.061401,2392.581787
4.000000,-5092.890625,-1216.061401,2282.161621
4.000000,-4576.589355,83.938599,2241.729736
4.000000,-13024.857422,-85.438461,2186.061279
4.000000,-7359.581055,87.938599,2346.146240
4.000000,-5979.058105,-42.078602,2476.061279
4.000000,-10576.872070,61.845581,2378.293945
4.000000,-9735.116211,-1216.061401,2206.474609
5.000000,-14047.437500,-1253.409668,2092.061279
4.000000,-1422.638306,109.108627,2409.538086
4.000000,-12884.280273,-694.533203,2151.290527
4.000000,-6282.920410,-1212.061401,2468.326172
4.000000,-8013.478027,83.938599,2236.907227
4.000000,-6760.433105,-1216.061401,2352.088623
4.000000,-7160.030273,53.530403,2182.061279
4.000000,-5848.328125,97.783417,2476.061279
5.000000,-13728.733398,-394.061401,2190.068604
4.000000,-3730.820557,-1212.061401,2212.784180
4.000000,-1825.641968,-1270.833496,2176.061279
4.000000,-1532.275757,33.616711,2176.061279
4.000000,-7069.652832,-1280.419556,2182.061279
4.000000,-10646.140625,131.179260,2171.551270
4.000000,-3398.752686,-1216.061401,2232.452881
4.000000,-8375.993164,-1216.061401,2246.413086
4.000000,-6315.631836,16.222918,2176.061279
5.000000,-13989.655273,-702.667297,2172.061279
4.000000,-9180.883789,152.929733,2476.061279
4.000000,-5243.997070,87.938599,2390.954834
4.000000,-9563.960938,-1161.686279,2476.061279
4.000000,-8585.897461,-1258.117188,2176.061279
4.000000,-12523.758789,-138.015991,2081.061279
5.000000,-14163.686523,24.225695,2186.061279
4.000000,-10280.523438,73.667313,2148.940430
5.000000,-13256.181641,83.938599,2139.367920
4.000000,-9531.516602,87.938599,2407.325439
4.000000,-9698.360352,155.938599,2176.791748
4.000000,-3508.600342,150.072891,2182.061279
4.000000,-12993.843750,-1193.717773,2086.061279
4.000000,-5457.279785,-22.471182,2271.365234
4.000000,-9647.026367,15.938600,2470.303467
4.000000,-4438.203125,83.938599,2223.950195
4.000000,-8948.280273,-941.948425,2323.763428
4.000000,-2353.843750,59.738506,2428.037598
4.000000,-6759.279785,-190.163391,2418.427490
4.000000,-2520.063965,-1216.061401,2390.123291
4.000000,-2373.731689,16.329828,2429.602783
4.000000,-5028.340820,87.938599,2345.787354
4.000000,-5453.279785,42.344135,2287.262695
4.000000,-3254.178711,-1251.365234,2182.061279
4.000000,-2578.383545,-1212.061401,2382.913086
4.000000,-11622.748047,-990.351929,2076.061279
5.000000,-13067.758789,-188.723083,2186.061279
4.000000,-8948.280273,-315.643097,2354.829102
4.000000,-917.520630,-1257.773193,2176.061279
4.000000,-10478.315430,-131.381927,2176.061279
4.000000,-12909.655273,-143.296585,2186.061279
4.000000,-12043.280273,-37.752323,2091.022705
4.000000,-10380.868164,-1216.068359,2119.330322
4.000000,-8523.596680,155.938599,2475.380615
4.000000,-3541.521729,87.938599,2331.736816
4.000000,-7425.356445,16.498337,2176.061279
4.000000,-11188.280273,-710.162781,2149.106689
4.000000,-3683.709717,-1223.150269,2176.061279
4.000000,-6710.664062,-1154.372192,2182.061279
4.000000,-3360.685547,87.938599,2298.158936
4.000000,-2171.426758,-446.279327,2233.990234
4.000000,-9202.574219,-1216.002319,2176.061279
4.000000,-5811.922363,83.938599,2328.675293
4.000000,-5453.279785,-1156.224487,2257.134033
4.000000,-6696.454102,-156.806534,2430.061279
4.000000,-5750.535645,-1135.374634,2470.061279
4.000000,-10302.909180,25.861027,2136.079102
4.000000,-11155.823242,-1259.647827,2092.061279
4.000000,-6152.187988,83.938599,2360.706787
4.000000,-10488.294922,-146.415131,2180.061279
4.000000,-9492.918945,83.938599,2360.371826
4.000000,-7833.247559,-1216.061401,2269.761475
4.000000,-4603.280762,-1122.498047,2407.926758
4.000000,-12841.044922,148.073288,2180.061279
4.000000,-12353.753906,-1042.117065,2090.993652
4.000000,-4277.514648,120.666702,2476.061279
4.000000,-5139.020508,-1212.061401,2466.582031
4.000000,-10673.250000,-1227.377686,2271.658203
4.000000,-12282.589844,83.938599,2129.891846
5.000000,-14002.927734,-984.283752,2177.061279
4.000000,-6300.027344,142.063126,2176.061279
4.000000,-5430.331543,-695.771057,2274.061279
4.000000,-11452.278320,-1281.304077,2092.061279
5.000000,-13950.517578,-755.541931,2076.061279
4.000000,-8198.209961,-1216.061401,2424.886719
4.000000,-2486.839600,-1212.061401,2247.876221
4.000000,-6759.279785,-948.167542,2359.922852
4.000000,-5248.500000,-1212.061401,2407.120850
4.000000,-9806.489258,83.938599,2312.015869
4.000000,-4159.008789,-1212.061401,2305.922852
4.000000,-8944.280273,-117.967415,2348.361572
4.000000,-7060.420898,-1212.061401,2373.937988
4.000000,-1487.511719,-1283.652832,2182.061279
4.000000,-3393.357422,18.613861,2176.061279
4.000000,-11256.814453,153.128860,2086.061279
4.000000,-12501.780273,-929.776489,2078.337402
4.000000,-6603.279785,-1176.157349,2384.486816
4.000000,-2069.887695,71.480026,2182.061279
4.000000,-8631.302734,83.938599,2280.481445
4.000000,-6964.016602,59.347488,2182.061279
4.000000,-1145.362061,138.986252,2182.061279
4.000000,-2415.341309,-1165.298706,2182.061279
4.000000,-10448.731445,-1263.412354,2099.305176
4.000000,-5453.279785,-809.476746,2420.117676
4.000000,-7302.486328,-1212.061401,2416.834229
4.000000,-12910.807617,-240.027786,2186.061279
4.000000,-8536.264648,87.938599,2322.900879
4.000000,-8509.441406,18.089067,2182.061279
4.000000,-9151.235352,124.620857,2182.061279
4.000000,-11265.994141,-1271.073975,2219.800781
4.000000,-9351.280273,-1165.682739,2181.828613
4.000000,-9016.824219,-1216.061401,2238.793213
4.000000,-4145.849121,122.265610,2476.061279
5.000000,-13563.005859,-394.061401,2183.371826
4.000000,-11222.831055,-1216.061401,2190.411621
4.000000,-4043.528076,149.520599,2182.061279
4.000000,-6133.932617,-1212.061401,2445.471680
5.000000,-13822.458984,-369.171082,2121.061279
4.000000,-6652.614258,-1149.909302,2176.061279
4.000000,-2037.075195,-1282.080811,2182.061279
4.000000,-8870.280273,-474.459290,2427.789062
5.000000,-14002.051758,-1056.514526,2172.061279
4.000000,-6750.166016,15.938600,2176.235596
4.000000,-10043.153320,-1270.172119,2182.061279
4.000000,-12508.720703,-627.045532,2076.061279
4.000000,-7753.869629,149.751053,2470.061279
4.000000,-1802.863037,-1147.385986,2176.061279
4.000000,-12355.104492,-254.267136,2100.953369
4.000000,-9698.947266,-1263.598145,2476.061279
4.000000,-7730.181152,-1206.678955,2176.061279
4.000000,-10065.011719,-1212.061401,2372.586914
4.000000,-12684.036133,-1116.061401,2182.175293
4.000000,-10513.267578,-1219.004272,2434.457764
4.000000,-8261.284180,-1144.061401,2475.436768
4.000000,-6499.656250,-1252.370972,2470.061279
4.000000,-4284.708008,-1216.061401,2213.107666
4.000000,-8881.383789,-595.198669,2270.061279
4.000000,-7531.720215,155.938599,2176.299316
4.000000,-2167.791992,-760.646545,2231.495361
4.000000,-7660.736328,83.938599,2373.226807
4.000000,-5033.247559,19.617258,2182.061279
4.000000,-11156.449219,-1175.684570,2221.446289
4.000000,-12465.531250,62.636028,2186.061279
4.000000,-4067.071777,-117.658821,2270.061279
4.000000,-12795.182617,-1144.995605,2086.061279
4.000000,-5813.280762,-1116.656738,2396.591797
4.000000,-5075.857422,87.938599,2403.215088
4.000000,-10882.058594,-1212.061401,2129.735107
4.000000,-6522.193848,87.938599,2322.859375
4.000000,-8573.689453,-1186.248901,2476.061279
5.000000,-14272.450195,56.913540,2172.644287
4.000000,-4115.658691,28.128416,2274.061279
4.000000,-6013.171875,-18.442602,2470.061279
4.000000,-10677.273438,-395.580963,2078.808350
4.000000,-809.059814,-1144.061401,2177.475586
5.000000,-13963.280273,87.870079,2076.305664
5.000000,-13890.898438,-378.584412,2185.553955
4.000000,-5450.543945,-582.889282,2391.941406
4.000000,-12513.000977,-49.313137,2140.061279
4.000000,-3977.649170,142.299667,2182.061279
4.000000,-8886.506836,-1030.446167,2430.061279
4.000000,-9984.297852,-1226.362183,2176.061279
5.000000,-13145.427734,-737.663452,2096.061279
4.000000,-2168.714600,-571.075623,2384.982666
4.000000,-9077.419922,46.298141,2470.061279
4.000000,-6143.018555,-1152.568970,2476.061279
4.000000,-12890.583008,-58.953693,2140.061279
4.000000,-12253.644531,-1266.834351,2186.061279
4.000000,-3159.523926,-1212.061401,2411.551514
4.000000,-7285.238281,-1212.061401,2227.721436
4.000000,-4685.203125,83.938599,2427.747314
4.000000,-8813.612305,83.938599,2244.381592
5.000000,-13958.280273,-1112.734009,2123.707031
4.000000,-12604.971680,-1251.363647,2180.061279
4.000000,-1782.679688,121.529709,2176.061279
5.000000,-13159.382812,-252.921921,2121.061279
4.000000,-8145.496094,-1234.990723,2176.061279
4.000000,-12633.498047,-1190.007568,2086.061279
4.000000,-8952.820312,87.938599,2290.250244
5.000000,-13458.886719,-1366.022827,2086.061279
4.000000,-4897.676758,-1212.061401,2293.099609
4.000000,-9108.887695,155.938599,2474.577148
4.000000,-7082.155273,83.938599,2423.691895
4.000000,-10678.280273,-31.624939,2076.203613
4.000000,-11669.924805,155.938599,2089.387451
4.000000,-2227.369141,-1212.061401,2297.509033
4.000000,-6249.531250,-1284.061401,2177.336182
4.000000,-7487.418457,-1197.754761,2476.061279
4.000000,-8870.280273,-121.620811,2271.909912
4.000000,-10336.812500,83.938599,2195.852539
4.000000,-12382.578125,-745.011780,2186.061279
4.000000,-10403.379883,83.938599,2234.668701
4.000000,-6463.603027,-1284.061401,2179.246582
4.000000,-3932.056641,155.938599,2473.879639
4.000000,-8222.404297,87.938599,2365.178955
4.000000,-12066.479492,233.083588,2076.061279
4.000000,-7100.640625,-1132.450684,2176.061279
4.000000,-12611.712891,-139.061401,2118.551758
4.000000,-3076.790527,145.789322,2476.061279
4.000000,-10301.240234,-1182.553345,2476.061279
4.000000,-5458.022949,-1216.061401,2366.313477
4.000000,-8189.348633,-1212.061401,2345.863037
4.000000,-12021.544922,-1145.776001,2086.061279
5.000000,-13282.761719,-1212.061401,2115.790527
5.000000,-13800.735352,18.097761,2186.061279
4.000000,-11631.962891,-331.966095,2180.061279
4.000000,-4134.746094,-1151.572632,2182.061279
4.000000,-12043.280273,-1059.751465,2126.095947
4.000000,-12724.891602,-868.889526,2186.061279
4.000000,-11573.280273,-164.085648,2091.724609
4.000000,-12879.280273,-286.575104,2150.934570
5.000000,-13992.290039,-1057.194824,2177.061279
4.000000,-4143.279785,-430.449615,2413.758301
4.000000,-12605.258789,-765.238708,2115.061279
5.000000,-13444.269531,-56.591705,2086.061279
4.000000,-9341.643555,87.938599,2316.031494
5.000000,-13961.815430,-157.636780,2175.654541
4.000000,-5960.568359,-1212.061401,2428.760742
5.000000,-13549.542969,-1208.397949,2086.061279
5.000000,-13048.194336,15.938600,2180.569092
4.000000,-4382.594727,150.143387,2182.061279
4.000000,-6532.567871,31.204266,2182.061279
4.000000,-3800.327881,-1212.061401,2335.372803
4.000000,-5162.875977,-1267.416626,2182.061279
4.000000,-7227.348633,-1240.435425,2176.061279
4.000000,-2935.959717,26.103521,2467.832520
4.000000,-12816.227539,-854.891418,2180.061279
4.000000,-1209.859375,87.938599,2288.662354
5.000000,-13967.006836,-1281.439819,2186.061279
5.000000,-14298.280273,-1231.121460,2089.581299
4.000000,-11168.902344,-72.085739,2076.061279
4.000000,-1463.320068,42.972553,2176.061279
4.000000,-5449.279785,-320.200623,2319.104248
4.000000,-5453.279785,-864.501770,2285.015625
4.000000,-2169.280029,-197.983994,2270.900391
4.000000,-8870.502930,-403.837982,2426.061279
4.000000,-6698.541992,-962.786926,2270.061279
5.000000,-14181.167969,-1267.130493,2180.061279
4.000000,-12060.445312,87.938599,2134.232910
4.000000,-2006.639893,-1234.038208,2176.061279
4.000000,-12810.480469,-1041.424072,2186.061279
4.000000,-7669.080078,-1149.424072,2476.061279
4.000000,-4044.271240,87.938599,2369.310791
4.000000,-4367.919434,-1216.061401,2332.730469
4.000000,-12356.718750,145.245941,2092.061279
4.000000,-6656.509277,87.938599,2444.075684
4.000000,-5550.016113,136.017776,2476.061279
4.000000,-7101.931152,83.938599,2303.990479
4.000000,-5371.929199,26.981958,2470.061279
4.000000,-4503.280762,30.996258,2233.971924
4.000000,-10408.680664,-1174.927979,2111.123535
4.000000,-5450.707520,-506.392181,2272.209229
4.000000,-12360.029297,-114.001396,2096.754639
4.000000,-11959.204102,152.227982,2180.061279
4.000000,-6763.279785,-822.858093,2336.437256
4.000000,-11022.026367,-1216.061401,2174.575195
5.000000,-13834.952148,-789.056641,2185.141846
4.000000,-7191.971191,-1216.061401,2327.776855
4.000000,-2998.280029,-1102.339233,2422.386719
5.000000,-13280.586914,-1144.894409,2186.061279
4.000000,-6643.812988,-1276.445923,2176.061279
4.000000,-12416.273438,-203.925110,2180.061279
5.000000,-14284.431641,52.192986,2092.061279
4.000000,-2449.008057,42.760189,2429.508545
5.000000,-13503.875977,-1148.995483,2086.061279
4.000000,-8627.623047,-1212.061401,2310.966797
4.000000,-5728.968262,87.938599,2212.663086
4.000000,-5455.868164,52.114883,2176.061279
4.000000,-10675.457031,-49.162884,2172.179199
4.000000,-5585.034180,15.938600,2472.722656
4.000000,-7988.893066,65.156204,2476.061279
4.000000,-6234.759766,59.272388,2176.061279
4.000000,-8948.280273,-766.389587,2370.154297
4.000000,-6603.279785,119.632080,2342.554443
5.000000,-13963.280273,-575.655334,2148.946045
4.000000,-11809.680664,-1150.665283,2186.061279
4.000000,-2169.280029,-310.634735,2330.123047
4.000000,-10206.120117,-1213.778442,2307.419678
4.000000,-3391.824463,149.793961,2476.061279
4.000000,-2169.013428,-1002.273132,2384.401367
4.000000,-11235.471680,-1156.854004,2215.920410
4.000000,-12087.448242,-1078.451782,2076.061279
4.000000,-10857.730469,81.057617,2248.349365
4.000000,-5453.279785,-818.405701,2316.323242
4.000000,-12976.725586,-1216.061401,2130.536865
4.000000,-4139.279785,-642.320312,2351.032471
4.000000,-8593.464844,-1212.388916,2405.992920
4.000000,-3492.300049,-1173.241577,2176.061279
4.000000,-11336.340820,-1147.835449,2086.061279
4.000000,-6572.293945,-1216.061401,2432.000000
4.000000,-5514.106934,92.880768,2476.061279
4.000000,-9195.207031,-1216.061401,2247.802734
4.000000,-3633.444824,-1212.061401,2199.153564
4.000000,-6492.710938,-1216.061401,2298.691162
4.000000,-9378.145508,-1206.284668,2476.061279
4.000000,-6330.449219,155.938599,2471.682129
4.000000,-1890.189819,-1261.274658,2410.061279
4.000000,-6097.957520,-1212.061401,2263.171387
4.000000,-2219.641113,112.965965,2411.457031
4.000000,-7525.105469,74.743645,2182.061279
4.000000,-12407.703125,78.759674,2086.061279
4.000000,-3760.994873,19.093901,2476.061279
4.000000,-12519.176758,-1293.694946,2076.061279
4.000000,-12479.939453,-773.910095,2135.061279
4.000000,-8924.169922,-479.513428,2274.061279
4.000000,-4090.945068,-35.670162,2274.061279
4.000000,-6070.539062,155.938599,2177.642822
4.000000,-7860.104004,-1212.061401,2418.441650
4.000000,-11586.038086,-1170.896240,2086.061279
4.000000,-7931.578125,83.938599,2422.391602
4.000000,-6879.798828,-1282.351318,2470.061279
4.000000,-11573.280273,-957.382690,2114.869385
4.000000,-1516.384399,87.938599,2233.932617
4.000000,-5266.013184,141.686005,2176.061279
4.000000,-4728.396973,16.290529,2470.061279
5.000000,-13993.280273,-507.396362,2174.301025
4.000000,-4371.197266,-1144.061401,2181.387939
5.000000,-13286.980469,-364.061401,2130.873047
4.000000,-3682.491943,-1282.173218,2470.061279
4.000000,-6574.344727,77.514732,2182.061279
4.000000,-12548.113281,-1270.619263,2186.061279
4.000000,-12596.362305,-309.218628,2180.061279
4.000000,-5081.476562,-1212.061401,2186.799561
4.000000,-10614.363281,-1212.061401,2268.131592
4.000000,-5400.016113,37.282379,2182.061279
4.000000,-5648.463379,-1212.061401,2328.663818
4.000000,-12645.194336,-575.900269,2160.861328
4.000000,-13023.054688,-588.958069,2186.061279
4.000000,-2347.307129,-1212.061401,2294.579102
4.000000,-8871.338867,-538.817383,2270.061279
4.000000,-3171.678711,155.379425,2176.061279
4.000000,-1264.411987,87.938599,2380.297607
4.000000,-5379.302734,-214.937805,2274.061279
4.000000,-8395.541992,-1185.834473,2182.061279
4.000000,-12959.924805,-88.707024,2186.061279
4.000000,-8824.315430,-1212.061401,2393.061035
4.000000,-12462.280273,-469.477600,2147.353271
4.000000,-12689.438477,-302.673401,2186.061279
5.000000,-14289.342773,-1169.148560,2170.955078
4.000000,-12579.814453,-1147.226562,2086.061279
4.000000,-8653.833984,-1144.061401,2181.469727
4.000000,-4198.885254,-1144.061401,2181.997559
4.000000,-3927.556152,-1280.972046,2176.061279
4.000000,-6422.189941,-1212.061401,2278.301025
4.000000,-12529.787109,-522.210999,2186.061279
5.000000,-13963.280273,-573.700195,2156.333496
4.000000,-10575.142578,-1216.061401,2100.574951
4.000000,-8937.212891,-1104.125854,2430.061279
4.000000,-12562.373047,-37.965878,2180.061279
4.000000,-10590.475586,-1283.662231,2092.061279
4.000000,-4143.279785,10.561500,2324.131104
4.000000,-11329.305664,-1284.061401,2089.033203
4.000000,-2173.280029,-889.659790,2382.053955
4.000000,-5388.974609,-286.417908,2274.061279
4.000000,-11327.432617,127.635788,2092.061279
4.000000,-3279.992920,-38.080284,2476.061279
4.000000,-8894.458008,-1212.061401,2377.059570
4.000000,-3742.444824,87.938599,2418.382568
5.000000,-13171.148438,-1156.999146,2086.061279
4.000000,-9980.049805,87.938599,2377.408203
4.000000,-6730.396973,-642.755371,2430.061279
5.000000,-13157.812500,-808.447449,2180.153809
4.000000,-5099.690918,83.938599,2255.825195
4.000000,-12802.149414,-359.061401,2126.008789
4.000000,-4146.478516,86.764000,2182.061279
4.000000,-8206.775391,87.938599,2240.954834
4.000000,-9903.923828,-1216.061401,2220.251953
5.000000,-13851.607422,-1283.459839,2092.061279
4.000000,-9595.692383,126.825928,2182.061279
4.000000,-5428.902344,-1260.628052,2182.061279
4.000000,-8958.361328,-1284.061401,2181.065674
4.000000,-12569.502930,-1190.261353,2186.061279
4.000000,-4139.279785,-701.096375,2405.743896
5.000000,-13768.972656,-364.061401,2124.775635
4.000000,-7876.867188,-1212.061401,2327.538818
4.000000,-11207.646484,-293.157104,2174.061279
4.000000,-5440.418457,-309.055328,2430.061279
4.000000,-3165.949951,83.938599,2315.515381
4.000000,-4147.279785,-1130.428345,2318.654541
4.000000,-9431.843750,-1212.061401,2402.287354
4.000000,-2173.280029,-711.481689,2277.894531
4.000000,-12565.330078,-152.914780,2140.061279
4.000000,-10107.428711,77.745384,2176.061279
4.000000,-12769.633789,-294.467163,2186.061279
4.000000,-6930.769531,-1216.061401,2325.434326
5.000000,-13138.176758,71.401810,2186.061279
4.000000,-3711.116211,-1216.061401,2436.447998
5.000000,-13694.672852,87.938599,2163.696289
5.000000,-13373.030273,-230.953781,2172.061279
4.000000,-6382.073730,155.938599,2179.145508
4.000000,-5435.712891,-1000.362000,2430.061279
4.000000,-7769.857910,87.938599,2283.683838
4.000000,-10806.935547,123.306160,2251.901123
4.000000,-12273.125977,-1196.150146,2086.061279
4.000000,-1589.121460,83.938599,2188.412842
4.000000,-8750.057617,149.194885,2182.061279
4.000000,-6209.173340,-1216.061401,2278.703613
4.000000,-4008.898193,150.981140,2476.061279
5.000000,-13647.535156,-1216.061401,2135.692871
4.000000,-11258.662109,141.971939,2214.298828
4.000000,-12741.238281,-359.500183,2180.061279
4.000000,-9987.566406,83.938599,2441.089111
4.000000,-10891.744141,140.158112,2245.970703
4.000000,-3705.121582,21.342970,2182.061279
4.000000,-1782.927246,-1216.061401,2370.254395
4.000000,-8017.058105,87.938599,2290.581299
4.000000,-8890.732422,24.919342,2270.061279
4.000000,-9855.239258,83.938599,2370.260986
4.000000,-1667.195435,87.938599,2365.293945
4.000000,-6723.371094,82.595619,2176.061279
4.000000,-2095.280029,-146.588470,2234.245117
4.000000,-1346.451782,85.472321,2176.061279
4.000000,-3865.886230,-1216.061401,2358.940430
4.000000,-10447.686523,68.461990,2476.061279
4.000000,-4740.400391,-1212.061401,2227.092285
4.000000,-3299.570312,87.938599,2305.082275
4.000000,-12999.574219,-32.744465,2135.100098
5.000000,-13324.945312,-758.061401,2127.705322
4.000000,-8328.352539,87.938599,2418.302002
4.000000,-6692.021973,-595.829651,2274.061279
4.000000,-4658.370117,155.938599,2472.481689
4.000000,-4918.946777,-1246.140381,2182.061279
4.000000,-2885.324707,87.938599,2232.721680
4.000000,-6334.428711,-1216.061401,2362.125732
4.000000,-4071.753418,85.689224,2176.061279
4.000000,-3728.206787,64.186119,2476.061279
4.000000,-12574.877930,-704.572815,2135.061279
4.000000,-4503.280762,15.748682,2373.318359
4.000000,-11527.958984,-63.406879,2174.061279
4.000000,-6992.798828,135.158752,2176.061279
4.000000,-2163.269287,-350.689087,2387.061279
4.000000,-2047.839478,-1270.145630,2416.061279
5.000000,-13418.094727,-192.423676,2170.232666
4.000000,-5756.777832,-1212.061401,2229.873779
4.000000,-7585.962402,-1145.132446,2182.061279
4.000000,-10805.038086,-1268.293945,2252.033936
4.000000,-12565.139648,-639.230469,2140.061279
4.000000,-5869.023438,-1216.061401,2227.580566
4.000000,-4479.151367,78.311417,2476.061279
4.000000,-9479.311523,-1210.387939,2176.061279
4.000000,-2102.982666,-495.375458,2235.061279
4.000000,-5909.280762,-1153.485840,2425.300781
4.000000,-5675.010742,-1216.061401,2413.703369
4.000000,-6650.682617,-1212.061401,2246.444336
4.000000,-8880.831055,-861.865173,2274.061279
4.000000,-11517.672852,-405.528381,2180.061279
4.000000,-11576.035156,-1018.348328,2077.063721
4.000000,-11596.500977,189.270325,2086.061279
4.000000,-6614.272461,133.698151,2476.061279
4.000000,-5185.367188,87.938599,2261.658691
4.000000,-12475.895508,-100.811501,2135.061279
4.000000,-2095.280029,-477.741943,2231.386719
4.000000,-9480.441406,149.345367,2470.061279
5.000000,-13896.117188,149.192139,2186.061279
4.000000,-3008.538818,-1275.769409,2176.061279
4.000000,-2890.245117,-1145.529419,2464.234619
4.000000,-2562.855957,21.948523,2182.061279
4.000000,-6846.373535,87.938599,2223.049561
4.000000,-11377.142578,-1212.061401,2167.401367
4.000000,-996.482300,153.608307,2182.061279
4.000000,-12540.282227,-412.830750,2186.061279
4.000000,-12507.163086,-755.496521,2186.061279
5.000000,-13678.650391,-1270.618652,2092.061279
4.000000,-6609.279785,-1251.747681,2316.780029
4.000000,-6145.952148,64.444672,2176.061279
4.000000,-8872.083008,-599.452576,2430.061279
5.000000,-13749.296875,46.414883,2186.061279
4.000000,-4142.942871,-1002.979736,2424.237549
5.000000,-13413.280273,-669.817505,2147.663818
4.000000,-4209.697266,129.836639,2476.061279
4.000000,-12327.005859,-828.971436,2096.061279
4.000000,-10864.208984,-1146.310181,2086.061279
5.000000,-13111.280273,-219.313828,2163.507324
4.000000,-12043.105469,-710.472595,2169.938721
4.000000,-5453.279785,-1055.765259,2324.868652
4.000000,-8513.493164,34.036743,2476.061279
4.000000,-6757.250977,-350.533966,2270.323486
4.000000,-3319.208740,-1259.061401,2470.789062
4.000000,-5385.975098,-1103.164185,2426.061279
4.000000,-12386.211914,155.938599,2185.468018
4.000000,-4676.826172,50.029797,2476.061279
4.000000,-9475.739258,-1272.656372,2470.061279
5.000000,-13996.682617,-271.444397,2172.061279
5.000000,-13078.800781,69.690681,2186.061279
4.000000,-4481.782227,85.166473,2176.061279
4.000000,-5934.230957,16.840027,2182.061279
4.000000,-4188.002441,87.938599,2468.048584
4.000000,-12508.196289,-83.493416,2081.061279
4.000000,-1644.623901,-1216.061401,2395.135010
4.000000,-12861.857422,-1273.022217,2186.061279
5.000000,-13162.280273,-231.756638,2114.875732
4.000000,-7360.209961,-1216.061401,2249.139404
4.000000,-3664.718750,-1216.061401,2314.152344
4.000000,-1190.975952,-1212.061401,2231.687988
4.000000,-8884.389648,-825.862854,2426.061279
4.000000,-5737.303711,87.938599,2374.429443
4.000000,-11129.868164,-1216.061401,2170.977295
4.000000,-8944.280273,-772.860352,2280.824463
4.000000,-12975.840820,87.938599,2141.685547
4.000000,-4143.137695,-665.679932,2276.739258
4.000000,-6714.547363,-906.334229,2274.061279
4.000000,-6603.279785,136.302963,2210.833008
4.000000,-2115.614014,24.075092,2416.061279
4.000000,-8951.038086,-1036.589844,2376.968018
4.000000,-3356.608643,-1216.061401,2284.417236
4.000000,-11280.429688,-1212.061401,2192.708984
4.000000,-12565.894531,-676.291321,2180.061279
4.000000,-4143.279785,-791.344910,2311.552490
4.000000,-6760.822754,-656.771423,2385.381592
4.000000,-1733.072876,-1144.061401,2180.479248
4.000000,-12048.280273,-126.166611,2153.695557
4.000000,-8861.557617,-1144.908936,2176.061279
4.000000,-3193.281006,-1143.519287,2399.411377
4.000000,-12021.340820,-1276.551147,2180.061279
4.000000,-6419.864746,-1265.695923,2470.061279
4.000000,-10675.280273,-717.018860,2124.193359
4.000000,-8849.785156,87.938599,2297.291260
4.000000,-5791.755371,42.369034,2470.061279
4.000000,-10709.597656,-327.942841,2174.061279
4.000000,-2169.280029,-825.037109,2243.729248
4.000000,-7653.480469,-1237.067017,2176.061279
4.000000,-5449.279785,-396.443695,2299.317139
5.000000,-13915.252930,-56.782318,2076.061279
4.000000,-6695.224121,-604.357117,2430.061279
4.000000,-12559.440430,-469.659882,2186.061279
4.000000,-12868.922852,-359.061401,2122.524902
4.000000,-12359.428711,-860.759094,2183.074219
4.000000,-2113.860840,-715.454407,2391.061279
4.000000,-10793.664062,-1149.838501,2086.061279
4.000000,-8943.499023,-44.610271,2275.814941
4.000000,-12932.177734,-756.263672,2186.061279
4.000000,-10302.668945,-1212.061401,2397.922607
4.000000,-11187.355469,-84.541428,2175.518555
4.000000,-10321.206055,-1280.696533,2470.061279
4.000000,-6442.930176,26.757868,2182.061279
4.000000,-10478.030273,36.730709,2217.172119
4.000000,-12515.103516,-612.629944,2081.061279
4.000000,-12888.670898,-1048.706055,2135.141602
4.000000,-6710.914062,58.504086,2274.061279
4.000000,-9437.400391,87.938599,2361.613037
4.000000,-12306.917969,-779.113464,2094.560547
4.000000,-1154.736694,-1212.061401,2287.848633
4.000000,-3438.895264,-1276.988159,2476.061279
4.000000,-9767.774414,-1157.858276,2470.061279
4.000000,-8874.130859,-730.313477,2426.061279
4.000000,-7898.278809,-1212.061401,2250.811035
4.000000,-10032.874023,150.960922,2182.061279
4.000000,-6759.279785,-999.021606,2318.388428
5.000000,-13392.857422,-1119.108276,2177.061279
4.000000,-5286.264648,-1174.669312,2470.061279
5.000000,-13025.715820,90.673088,2186.061279
4.000000,-11932.537109,-145.941727,2180.061279
4.000000,-12333.416992,152.823135,2186.061279
4.000000,-5299.279785,-1263.828979,2351.145020
4.000000,-2113.688232,87.938599,2310.072266
4.000000,-12909.429688,-930.536133,2135.061279
4.000000,-3583.653564,-1215.752686,2476.061279
4.000000,-10644.493164,-1037.686890,2076.061279
4.000000,-4007.435547,-1222.333862,2176.061279
4.000000,-2367.856201,154.782867,2423.121826
4.000000,-12101.988281,152.677002,2186.061279
4.000000,-3363.352051,35.335110,2470.061279
4.000000,-3275.960693,35.618904,2182.061279
4.000000,-8334.706055,54.049232,2182.061279
5.000000,-13430.840820,-1246.837524,2092.061279
4.000000,-8282.466797,21.022892,2470.061279
4.000000,-11100.201172,83.938599,2199.408691
4.000000,-12514.308594,14.938600,2185.666504
4.000000,-12080.367188,-230.671921,2081.061279
4.000000,-5380.272461,-1282.904541,2476.061279
4.000000,-6533.941406,52.012386,2476.061279
4.000000,-5422.713867,61.035007,2476.061279
4.000000,-8945.675781,-347.519440,2427.938965
4.000000,-8948.280273,21.159826,2219.390381
4.000000,-4866.434570,-1212.061401,2230.228271
4.000000,-10507.408203,83.938599,2218.800781
4.000000,-2865.442627,140.822205,2462.282715
4.000000,-11203.445312,18.492056,2218.159912
4.000000,-1937.591675,105.580421,2182.061279
4.000000,-8948.280273,-639.452759,2421.420166
4.000000,-4628.566895,-1212.061401,2290.502686
4.000000,-12569.222656,-583.439880,2180.061279
4.000000,-1421.280151,54.367653,2366.180908
4.000000,-5600.696777,-1261.340820,2470.061279
4.000000,-10864.736328,-1157.384277,2092.061279
4.000000,-11762.903320,18.739405,2180.061279
4.000000,-5727.132324,41.416012,2470.061279
4.000000,-2050.143799,87.938599,2299.012695
4.000000,-6763.279785,-1134.745361,2329.622559
4.000000,-5449.279785,-846.973389,2370.073730
4.000000,-5083.492676,34.269470,2470.061279
4.000000,-2540.013916,33.668217,2436.670898
4.000000,-2890.161865,-1212.061401,2425.618164
4.000000,-12914.790039,-967.808472,2085.984131
4.000000,-8645.368164,83.938599,2418.080566
4.000000,-9692.668945,35.431232,2470.061279
4.000000,-3795.937256,21.347380,2176.061279
4.000000,-4599.280762,-1124.198975,2391.933594
4.000000,-6841.428223,87.938599,2357.712891
4.000000,-8042.377930,85.598557,2182.061279
4.000000,-2137.715088,83.938599,2270.376465
4.000000,-12881.235352,-1129.377686,2139.259521
4.000000,-7766.609375,-1212.061401,2256.796631
4.000000,-4080.522949,-900.998840,2270.061279
5.000000,-14213.198242,-1250.639038,2092.061279
4.000000,-2126.326904,-909.878296,2387.061279
4.000000,-4788.720215,29.772177,2476.061279
4.000000,-3507.975830,23.483461,2182.061279
4.000000,-2691.582520,83.938599,2290.469971
4.000000,-6120.219238,83.938599,2417.283691
4.000000,-7455.113281,-1212.061401,2247.556641
4.000000,-7387.082031,119.533211,2176.061279
4.000000,-2857.896484,83.938599,2334.805908
4.000000,-5449.279785,-191.749146,2349.496582
4.000000,-2125.938721,-566.044983,2235.061279
4.000000,-6644.078613,-1284.061401,2471.604492
4.000000,-5453.279785,-509.890289,2352.045654
4.000000,-6910.270020,87.938599,2206.097900
4.000000,-3838.801270,87.938599,2416.884521
4.000000,-12732.563477,-1150.927246,2086.061279
4.000000,-6174.681641,-1164.219482,2176.061279
4.000000,-3140.085938,-1216.061401,2248.995850
4.000000,-6834.433105,-1144.061401,2474.254395
4.000000,-5885.133301,83.938599,2428.295166
4.000000,-11333.711914,-614.787048,2176.061279
4.000000,-4148.970703,77.778549,2176.061279
4.000000,-6796.766602,59.033813,2176.061279
4.000000,-12928.499023,30.443354,2186.061279
5.000000,-13105.280273,-581.256531,2104.550293
4.000000,-5826.758789,-1147.118652,2176.061279
4.000000,-1366.497681,-1212.061401,2259.127686
4.000000,-8228.828125,-1207.905640,2182.061279
4.000000,-12633.169922,-46.216125,2186.061279
4.000000,-2112.421875,-1059.343506,2235.061279
4.000000,-9638.220703,83.938599,2335.192139
4.000000,-12092.604492,-380.398895,2076.061279
4.000000,-11805.039062,-1153.109497,2180.061279
4.000000,-5344.008301,155.938599,2474.331543
4.000000,-1968.399414,-1149.178589,2410.061279
4.000000,-10519.154297,-1177.866821,2086.061279
4.000000,-4089.588379,22.733250,2430.061279
4.000000,-12573.708984,-748.485474,2186.061279
4.000000,-6189.988281,23.201725,2470.061279
4.000000,-4972.863770,125.043289,2176.061279
4.000000,-10499.586914,58.762020,2456.940186
4.000000,-10839.085938,-1281.027832,2086.061279
4.000000,-12946.355469,-834.116943,2135.061279
4.000000,-2711.400635,-1275.159302,2182.061279
4.000000,-7249.222168,163.454498,2176.061279
4.000000,-9949.198242,87.938599,2255.182617
4.000000,-3381.520996,87.938599,2235.630859
4.000000,-4896.027832,-1216.061401,2371.999268
4.000000,-3260.084473,-1148.879639,2476.061279
4.000000,-2558.772217,102.408493,2444.165771
4.000000,-5330.304688,-1148.923706,2470.061279
4.000000,-7415.777832,87.938599,2236.201172
4.000000,-2864.554688,-1242.138184,2468.231445
4.000000,-5547.617188,87.938599,2315.390625
4.000000,-3192.718994,130.575836,2470.061279
4.000000,-8256.240234,83.938599,2414.402344
4.000000,-5393.480469,-1041.474487,2430.061279
4.000000,-8948.280273,-715.148438,2416.459229
4.000000,-5899.753906,-1089.599487,2474.375244
4.000000,-2903.571533,-1229.922119,2176.061279
4.000000,-4271.912598,83.938599,2195.307861
4.000000,-3834.228271,87.938599,2305.165527
4.000000,-4891.583496,-1158.503418,2182.061279
4.000000,-1214.374146,37.715519,2182.061279
4.000000,-8942.595703,-115.852043,2274.872314
4.000000,-1100.719849,87.938599,2356.876221
4.000000,-2673.533936,-1216.061401,2248.609375
4.000000,-2953.257080,87.938599,2410.741943
4.000000,-12029.121094,-1280.586914,2092.061279
4.000000,-8633.857422,23.268013,2470.061279
4.000000,-4680.122070,-1212.061401,2397.834961
4.000000,-4811.769531,-1253.769775,2476.061279
4.000000,-11727.042969,-1149.115845,2181.546387
4.000000,-10867.953125,153.726044,2092.061279
5.000000,-13958.005859,-953.813660,2082.844238
4.000000,-12426.027344,-435.582581,2186.061279
4.000000,-12738.918945,-528.032532,2204.868652
4.000000,-7643.932617,23.597647,2476.061279
4.000000,-4350.322266,-1216.061401,2207.984863
4.000000,-12306.438477,-1075.273071,2121.061279
4.000000,-3237.806885,31.530165,2476.061279
4.000000,-7040.093750,-1212.061401,2426.044189
4.000000,-12546.780273,-786.858215,2131.907715
4.000000,-5232.570801,-1212.061401,2347.079346
4.000000,-2128.828613,-1147.856201,2416.061279
4.000000,-6110.004883,-1169.691772,2176.061279
4.000000,-4128.489746,-206.593109,2270.061279
4.000000,-8154.749023,87.938599,2341.585205
4.000000,-4139.279785,-411.001953,2311.887939
4.000000,-10817.632812,15.938600,2248.492920
4.000000,-11235.280273,-1020.426270,2174.440186
4.000000,-9172.936523,-1267.906738,2176.061279
4.000000,-7486.272461,46.952751,2476.061279
4.000000,-9571.761719,-1185.817871,2176.061279
5.000000,-13327.387695,-1243.312134,2086.061279
4.000000,-8127.079590,146.974075,2182.061279
4.000000,-4514.571777,-1270.961426,2470.061279
5.000000,-13549.658203,-1144.061401,2184.949707
4.000000,-5867.342773,87.938599,2225.108887
4.000000,-9032.667969,-1216.061401,2389.120117
4.000000,-8944.280273,-575.009888,2413.505371
4.000000,-6877.637695,23.439487,2176.061279
4.000000,-7148.954102,83.938599,2249.764404
4.000000,-4097.747070,87.938599,2368.817139
4.000000,-12542.337891,102.931564,2076.061279
4.000000,-3301.141357,-1223.080688,2176.061279
4.000000,-5451.344727,-534.290894,2427.234863
4.000000,-1160.916748,-1206.520508,2176.061279
4.000000,-11727.761719,15.938600,2087.073486
4.000000,-1189.135620,155.938599,2179.392090
4.000000,-10103.109375,-1151.116577,2176.061279
4.000000,-7774.132324,155.938599,2180.340332
4.000000,-12920.327148,-1128.509033,2186.061279
4.000000,-12798.199219,-713.884827,2186.061279
4.000000,-11253.462891,-1276.799316,2220.677002
4.000000,-12215.773438,-1212.061401,2124.090576
4.000000,-7102.475586,87.938599,2297.159180
4.000000,-3769.425537,83.938599,2234.428467
5.000000,-13105.280273,-463.415375,2133.302734
4.000000,-2177.280029,37.284657,2291.403320
4.000000,-1856.815796,-1216.061401,2293.809570
4.000000,-2280.611084,-1162.720825,2422.274170
4.000000,-8143.686523,-1212.061401,2294.449707
4.000000,-6706.386230,-1216.061401,2284.344238
4.000000,-10448.293945,-1148.751099,2476.061279
4.000000,-4138.511230,-743.924377,2275.806641
4.000000,-13032.073242,-1012.919189,2180.061279
4.000000,-6763.279785,28.394178,2237.260986
4.000000,-8762.682617,-1216.061401,2440.978516
4.000000,-2963.140381,-1154.731934,2471.756104
5.000000,-13461.974609,-886.400452,2081.061279
4.000000,-4050.190186,87.938599,2312.213623
5.000000,-14005.834961,-143.861725,2177.061279
4.000000,-4143.279785,-341.424194,2300.534424
4.000000,-11623.280273,-912.795410,2078.525635
4.000000,-7228.282227,153.951767,2470.061279
4.000000,-2322.655273,87.938599,2231.443604
4.000000,-5265.647461,-1208.993896,2176.061279
4.000000,-3162.697266,-1092.892700,2470.061279
4.000000,-10378.567383,-21.006695,2180.061279
4.000000,-9658.439453,-1212.061401,2238.002686
4.000000,-8422.880859,83.938599,2362.464111
4.000000,-1993.902222,-1216.061401,2384.076904
4.000000,-2095.922363,-322.952667,2387.061279
4.000000,-12655.414062,-989.061401,2134.811523
4.000000,-5848.420410,-1281.663086,2470.061279
4.000000,-5500.550293,-1283.240967,2476.061279
4.000000,-12730.888672,-769.061401,2116.034424
4.000000,-4934.229980,-1177.827881,2470.061279
4.000000,-4743.597168,-1216.061401,2362.498779
4.000000,-4139.279785,-1048.784546,2377.906250
4.000000,-1846.864868,-1216.061401,2356.766602
4.000000,-6767.014648,-1261.603638,2476.061279
4.000000,-2747.851562,-1216.061401,2297.063477
4.000000,-1631.324219,-1212.061401,2233.998291
4.000000,-6736.148438,139.631943,2470.061279
4.000000,-2372.311768,-1272.954102,2176.061279
4.000000,-10780.447266,-1167.203125,2253.753418
4.000000,-11158.869141,-881.731873,2076.061279
5.000000,-13390.726562,26.606873,2086.061279
4.000000,-8158.192871,-1171.340698,2176.061279
4.000000,-1423.274536,83.938599,2256.200439
4.000000,-5453.279785,-266.543640,2344.530029
4.000000,-10677.012695,-1212.061401,2151.788818
4.000000,-3022.276611,83.938599,2291.467773
4.000000,-12057.417969,154.518890,2076.061279
4.000000,-5117.569824,152.370499,2476.061279
4.000000,-10029.309570,-1212.061401,2317.390137
4.000000,-1425.978516,155.938599,2308.375732
4.000000,-7490.441406,-1260.493286,2470.061279
4.000000,-10866.283203,83.938599,2184.900879
4.000000,-11576.280273,-703.102234,2153.462891
4.000000,-5453.279785,-786.878479,2359.565430
4.000000,-10675.280273,-607.358459,2127.994873
4.000000,-2113.569092,-1278.891968,2410.061279
4.000000,-7727.520508,-1275.887939,2182.061279
4.000000,-10585.476562,-1216.061401,2180.098389
4.000000,-11939.788086,87.938599,2138.683594
4.000000,-1057.589355,83.938599,2186.168701
5.000000,-13111.249023,-143.872681,2174.340576
4.000000,-11293.075195,-492.815552,2176.061279
4.000000,-3207.525146,46.521027,2176.061279
4.000000,-9882.791992,-1216.061401,2294.982666
4.000000,-10623.291992,35.733025,2322.495605
4.000000,-3289.281006,29.948009,2293.674316
4.000000,-6247.073730,-1154.822876,2176.061279
4.000000,-6708.539551,-370.183441,2274.061279
4.000000,-4215.982422,-1216.061401,2260.511719
4.000000,-6720.360840,-716.224792,2270.061279
4.000000,-3113.734863,87.938599,2372.877441
4.000000,-5643.084473,-1154.460449,2176.061279
4.000000,-12310.280273,-71.479843,2110.024170
5.000000,-13188.552734,-758.061401,2126.241943
4.000000,-11943.478516,-1233.713623,2086.061279
4.000000,-7116.618652,111.478340,2182.061279
4.000000,-1527.383057,26.497889,2176.061279
4.000000,-3708.382812,87.938599,2356.928711
4.000000,-2532.383057,33.545609,2436.070312
4.000000,-2325.836670,87.938599,2304.306641
5.000000,-13156.280273,-1113.341797,2112.851074
4.000000,-7369.888672,87.938599,2414.763184
4.000000,-1291.159546,28.939224,2182.061279
4.000000,-9800.739258,-1165.444580,2476.061279
4.000000,-6958.425293,83.938599,2434.778809
5.000000,-14220.919922,34.196819,2092.061279
4.000000,-8908.819336,-1164.876587,2270.061279
4.000000,-6699.766602,-502.271851,2430.061279
5.000000,-13378.747070,-1275.344604,2086.061279
4.000000,-10628.280273,-253.022430,2077.230225
4.000000,-4139.279785,-467.184784,2338.869629
4.000000,-2913.762451,83.938599,2311.375488
4.000000,-8626.448242,-1147.320679,2470.061279
4.000000,-1691.366089,97.418335,2416.061279
4.000000,-2817.851074,83.938599,2404.721436
4.000000,-5375.279785,-265.942719,2429.392090
4.000000,-3236.806396,83.938599,2234.723389
4.000000,-12822.000000,-528.136292,2142.061279
4.000000,-11560.453125,55.175755,2092.061279
5.000000,-13402.341797,104.306671,2086.061279
4.000000,-11551.285156,-1163.418945,2199.851074
4.000000,-3318.028320,87.938599,2234.837646
4.000000,-10678.280273,-98.085022,2121.171875
5.000000,-13859.684570,-1153.102539,2186.061279
4.000000,-4419.207031,137.035431,2470.061279
4.000000,-1444.689941,151.843964,2176.061279
4.000000,-7258.479004,-1212.061401,2334.540527
4.000000,-10751.598633,87.938599,2190.317871
4.000000,-5686.485840,-1271.570801,2182.061279
4.000000,-5381.398926,-879.005615,2274.061279
4.000000,-2131.726318,83.938599,2378.944092
4.000000,-963.107666,-1215.208130,2315.329102
4.000000,-6232.084961,-1216.061401,2357.874512
5.000000,-13948.404297,198.313187,2076.061279
4.000000,-11553.875977,-1092.004761,2174.061279
4.000000,-8185.827637,24.233379,2470.061279
4.000000,-7917.627930,106.394844,2476.061279
4.000000,-10288.226562,83.938599,2286.678955
5.000000,-14298.280273,69.668419,2091.083008
4.000000,-1344.643066,-1216.061401,2191.592773
4.000000,-12056.931641,-337.796753,2081.061279
4.000000,-1427.530518,24.575800,2405.641846
4.000000,-11728.583984,155.938599,2088.660400
4.000000,-10384.320312,75.062263,2476.061279
4.000000,-9139.370117,83.938599,2391.285156
4.000000,-2824.778320,-1195.853149,2465.100830
4.000000,-3422.277832,146.970901,2176.061279
4.000000,-4143.923828,-1186.561401,2361.971436
4.000000,-3735.177490,137.924637,2476.061279
4.000000,-4207.545410,-1284.061401,2473.125488
4.000000,-12439.662109,-640.190125,2180.061279
4.000000,-2173.280029,-865.604553,2310.249756
4.000000,-5299.279785,117.866539,2319.961182
4.000000,-7166.276855,87.938599,2358.144287
4.000000,-6666.606445,155.938599,2473.994629
4.000000,-8114.246582,51.430447,2476.061279
4.000000,-4936.575684,83.938599,2356.527588
5.000000,-14278.582031,-1167.409546,2086.061279
4.000000,-8243.434570,-1216.061401,2285.442627
4.000000,-10070.317383,-1212.061401,2182.138672
4.000000,-2483.660400,-1161.332886,2438.254395
4.000000,-2306.420654,154.834351,2182.061279
4.000000,-1890.404907,-1212.061401,2233.291748
4.000000,-12880.666992,-598.398132,2186.061279
4.000000,-4143.279785,-854.258789,2288.600830
4.000000,-6180.738770,-1189.312256,2476.061279
4.000000,-10748.000000,154.834991,2250.007812
4.000000,-11573.280273,-174.798950,2165.697754
4.000000,-9030.818359,83.938599,2245.255859
4.000000,-4859.601074,-1212.061401,2415.155029
4.000000,-7908.639160,34.306385,2176.061279
4.000000,-12047.077148,-519.480835,2173.126465
5.000000,-13101.520508,-63.564659,2179.570801
4.000000,-6844.370117,87.938599,2291.989990
4.000000,-4365.952148,-1216.061401,2403.043945
4.000000,-4143.279785,-518.795837,2408.989014
5.000000,-13162.280273,-603.456360,2102.356201
4.000000,-4143.279785,-1123.745728,2250.305908
4.000000,-9306.837891,24.132322,2476.061279
4.000000,-12914.780273,-1073.241089,2082.085449
4.000000,-2731.509521,143.774979,2182.061279
4.000000,-11572.878906,-938.241211,2172.468018
4.000000,-7811.276855,127.344070,2476.061279
4.000000,-4147.279785,72.381897,2416.323486
4.000000,-6903.869141,62.269032,2476.061279
4.000000,-4601.989746,153.554840,2176.061279
4.000000,-7450.030273,-1147.039185,2476.061279
4.000000,-12591.774414,71.888023,2180.061279
4.000000,-13035.426758,-807.394592,2180.061279
4.000000,-10675.280273,-1061.900635,2145.602051
4.000000,-4139.279785,-341.755371,2373.728516
4.000000,-12682.492188,-890.442017,2186.061279
4.000000,-7174.851562,-1297.200073,2176.061279
4.000000,-9314.137695,83.938599,2415.738037
4.000000,-12713.686523,86.632462,2180.061279
4.000000,-8716.997070,-1212.061401,2306.983643
4.000000,-9641.486328,-1212.061401,2334.115967
4.000000,-11435.672852,-1231.542603,2207.935547
4.000000,-8685.377930,92.208099,2476.061279
4.000000,-10776.104492,54.510826,2254.057129
4.000000,-12914.875977,-406.015320,2186.061279
4.000000,-12533.572266,-1067.138916,2186.061279
4.000000,-11765.930664,-1229.952026,2180.061279
4.000000,-4094.147461,-879.816101,2430.061279
4.000000,-12843.604492,84.615234,2086.061279
4.000000,-6458.687500,-1280.330933,2176.061279
4.000000,-10345.094727,155.516190,2123.630859
4.000000,-2650.051514,49.371693,2451.349609
4.000000,-10688.523438,87.938599,2156.970215
4.000000,-1942.129272,16.441284,2416.061279
4.000000,-1691.444458,155.938599,2412.859131
4.000000,-2010.792969,-1152.303833,2176.061279
4.000000,-5132.554688,-1216.061401,2220.325439
4.000000,-6294.973145,-1212.061401,2240.574219
4.000000,-4109.857910,77.818031,2476.061279
4.000000,-5809.280762,14.436764,2316.739014
4.000000,-6745.641602,151.816574,2470.061279
4.000000,-10393.883789,-1275.785645,2470.061279
4.000000,-12598.210938,-1035.291870,2180.061279
4.000000,-2207.545654,-1150.984741,2176.061279
4.000000,-11333.202148,-1233.554077,2215.101074
4.000000,-8940.513672,-272.879608,2430.038330
4.000000,-5483.581055,-1212.061401,2224.106934
4.000000,-8377.582031,155.938599,2471.589111
4.000000,-4631.895508,-1274.678711,2476.061279
4.000000,-8945.596680,40.733467,2470.061279
4.000000,-9068.959961,106.710777,2476.061279
4.000000,-5520.035156,-1216.061401,2399.952148
4.000000,-11974.138672,-1044.075317,2176.061279
4.000000,-12659.748047,-240.627640,2180.061279
4.000000,-12207.378906,49.854847,2180.061279
4.000000,-12367.592773,-1282.734863,2086.061279
4.000000,-10248.060547,-1277.554443,2476.061279
4.000000,-12369.513672,-1207.228149,2180.061279
4.000000,-12783.239258,-888.326233,2180.061279
4.000000,-12541.567383,-1182.851318,2076.061279
4.000000,-7313.814453,153.554398,2476.061279
4.000000,-4035.625977,21.419298,2470.061279
4.000000,-6665.965332,16.886072,2182.061279
4.000000,-4080.725342,87.938599,2424.570312
4.000000,-3289.281006,-1159.806030,2289.941406
4.000000,-2233.706543,-1216.061401,2363.215088
4.000000,-12361.280273,-293.289093,2163.154053
4.000000,-8126.269531,59.082699,2176.061279
4.000000,-9048.035156,151.331619,2176.061279
4.000000,-4992.967773,-1212.061401,2400.232666
4.000000,-2646.565186,32.533398,2176.061279
5.000000,-13413.280273,-923.121033,2093.865234
4.000000,-8045.531738,-1274.396973,2176.061279
4.000000,-1893.218140,126.755219,2416.061279
4.000000,-7662.769043,87.938599,2212.381104
5.000000,-13827.821289,67.194305,2186.061279
4.000000,-10251.739258,119.526428,2476.061279
5.000000,-13706.172852,-370.061401,2134.252686
4.000000,-12148.768555,-1155.629028,2086.061279
4.000000,-2869.110352,83.938599,2403.830322
4.000000,-3597.793213,83.938599,2262.079102
4.000000,-2100.055908,-608.495911,2235.061279
4.000000,-11185.280273,-138.722763,2134.450928
4.000000,-9981.075195,-1212.061401,2338.248291
4.000000,-8855.726562,65.597054,2182.061279
4.000000,-7916.585938,155.938599,2177.894775
4.000000,-1421.280151,16.874424,2305.546631
5.000000,-13257.043945,-1145.304443,2092.061279
4.000000,-5407.815430,-880.732727,2426.061279
4.000000,-11688.484375,20.431997,2190.257324
4.000000,-1427.280151,-1283.175781,2374.727783
4.000000,-12943.438477,-1064.333862,2186.061279
4.000000,-12618.123047,-819.383423,2180.061279
4.000000,-12894.033203,-1216.061401,2122.185547
4.000000,-4682.553223,87.938599,2366.875000
4.000000,-1557.583374,83.938599,2353.981934
4.000000,-13092.070312,-1081.404663,2186.061279
4.000000,-9651.126953,83.938599,2347.001465
4.000000,-12677.068359,-1147.094849,2086.061279
4.000000,-6571.851074,-1216.061401,2303.232666
4.000000,-4646.367188,-1283.034302,2176.061279
4.000000,-10255.797852,-1216.061401,2257.816650
4.000000,-12686.108398,-359.061401,2119.594238
4.000000,-12684.035156,-139.061401,2121.760254
5.000000,-13878.002930,-758.061401,2124.426025
5.000000,-13260.894531,141.507935,2186.061279
4.000000,-7506.146484,83.938599,2429.077637
4.000000,-10761.531250,-1283.332764,2092.061279
4.000000,-5230.837891,-1212.061401,2234.742432
4.000000,-8037.453125,146.222305,2182.061279
4.000000,-10394.742188,154.975494,2470.061279
4.000000,-9082.507812,-1212.061401,2363.045166
4.000000,-12356.293945,-734.497559,2092.385742
4.000000,-12926.202148,-483.460846,2186.061279
4.000000,-3078.437988,87.938599,2289.990723
4.000000,-12217.710938,83.938599,2138.980957
5.000000,-13395.856445,-788.726807,2187.907471
4.000000,-9413.271484,-1216.061401,2390.622070
4.000000,-4188.584961,83.938599,2240.409912
4.000000,-12918.894531,-408.699036,2078.080322
4.000000,-8001.184570,-1216.061401,2315.848145
4.000000,-12355.280273,-946.529602,2161.487549
5.000000,-13440.922852,87.938599,2129.641602
4.000000,-10996.062500,83.938599,2174.189209
4.000000,-7565.272949,155.938599,2474.589111
4.000000,-7637.926758,-1212.061401,2231.554443
4.000000,-6555.346680,-1212.061401,2239.195557
4.000000,-2914.130859,93.035622,2472.133057
4.000000,-9423.979492,76.405251,2176.061279
4.000000,-6675.188477,-1212.800415,2176.061279
4.000000,-7581.801758,-1216.061401,2186.332520
4.000000,-12026.412109,-649.375732,2172.061279
4.000000,-6945.751953,-1216.061401,2245.281738
4.000000,-7007.808594,16.518227,2470.061279
5.000000,-13191.375000,-1262.846680,2180.061279
5.000000,-13913.280273,-629.969543,2079.953369
5.000000,-13282.916992,64.167305,2186.061279
4.000000,-6226.995605,-1277.939819,2182.061279
4.000000,-12914.780273,-237.127411,2086.128662
4.000000,-8892.374023,-1212.061401,2193.451416
4.000000,-5952.287598,83.938599,2286.236816
4.000000,-3293.281006,-6.977221,2424.172852
5.000000,-13418.280273,-976.669373,2154.447266
4.000000,-5332.925781,23.782942,2176.061279
4.000000,-1050.415161,83.938599,2251.174561
4.000000,-12666.750000,-987.534302,2180.061279
5.000000,-13963.280273,-101.109459,2145.117432
4.000000,-11488.526367,83.938599,2157.534180
4.000000,-12681.083008,-512.299744,2138.861328
4.000000,-11185.280273,-584.970154,2140.115234
4.000000,-9153.173828,22.742598,2182.061279
4.000000,-2103.878662,-304.122284,2231.061279
5.000000,-13389.261719,-96.091438,2172.061279
4.000000,-11317.044922,-1153.538330,2210.216309
4.000000,-6709.099121,-936.925781,2430.061279
4.000000,-12669.321289,87.938599,2138.158203
4.000000,-4734.203613,-1144.302368,2176.061279
4.000000,-10702.221680,143.766235,2092.061279
4.000000,-6291.627930,-1216.061401,2313.602783
4.000000,-11185.280273,-957.312744,2083.627686
4.000000,-11691.822266,17.381319,2190.023926
4.000000,-12424.413086,-1273.675049,2180.061279
4.000000,-11702.244141,-248.748856,2180.061279
4.000000,-12361.280273,-631.058044,2172.323486
4.000000,-7605.703613,-1165.369263,2470.061279
4.000000,-10515.536133,83.938599,2282.823975
4.000000,-11720.771484,-858.817383,2180.061279
4.000000,-5054.116211,-1212.061401,2419.719482
5.000000,-13384.472656,-1026.153931,2177.061279
5.000000,-13690.368164,154.652313,2186.061279
4.000000,-7316.302734,74.411194,2470.061279
4.000000,-2227.557861,139.800919,2182.061279
4.000000,-10518.531250,128.652405,2086.061279
4.000000,-1818.793823,-1156.155762,2176.061279
4.000000,-6667.422852,87.938599,2224.675293
4.000000,-3999.823730,62.468067,2176.061279
4.000000,-5223.407227,-1155.812012,2176.061279
4.000000,-5809.280762,26.302557,2370.008057
4.000000,-6089.109863,87.938599,2312.495361
4.000000,-8526.732422,-1148.250000,2182.061279
4.000000,-5936.647461,83.938599,2385.783691
4.000000,-6194.816895,-1216.061401,2197.708008
4.000000,-11446.085938,53.904266,2086.061279
4.000000,-11576.280273,-781.174316,2108.477051
4.000000,-11222.674805,-1108.652222,2177.061279
4.000000,-11042.559570,87.938599,2140.972168
4.000000,-3192.278320,23.638977,2254.759766
4.000000,-7720.717285,150.181076,2476.061279
4.000000,-1625.447876,83.938599,2320.985352
4.000000,-12587.280273,-1069.703003,2146.134521
4.000000,-3182.849365,-1216.061401,2363.900391
4.000000,-9659.499023,-1284.061401,2176.829590
4.000000,-9419.128906,141.434113,2476.061279
4.000000,-3552.358398,83.938599,2413.385986
4.000000,-8808.636719,87.938599,2422.339355
4.000000,-9011.033203,25.394266,2476.061279
4.000000,-4077.445312,-265.626038,2426.061279
5.000000,-14195.494141,-1203.806030,2180.061279
4.000000,-4070.461426,-470.501190,2274.061279
4.000000,-6585.696777,-1268.244385,2476.061279
4.000000,-4509.154785,-1112.825684,2476.061279
4.000000,-7805.093262,-1265.542358,2182.061279
4.000000,-11309.648438,154.832916,2216.748047
4.000000,-12955.776367,-1284.061401,2182.504150
4.000000,-10517.952148,-1247.753052,2092.061279
4.000000,-6759.279785,-294.593201,2395.468262
4.000000,-5693.265137,-1254.301514,2176.061279
4.000000,-7320.243164,171.603607,2180.751953
4.000000,-6212.760742,-1212.061401,2417.005859
4.000000,-11815.231445,63.697819,2092.061279
4.000000,-2165.655762,-237.596298,2231.098389
4.000000,-8482.559570,-1158.624146,2476.061279
4.000000,-8538.322266,-1144.061401,2470.170654
5.000000,-13810.281250,139.111130,2180.061279
4.000000,-7498.221191,-1254.259521,2176.061279
5.000000,-13450.284180,-550.437073,2081.061279
4.000000,-9564.628906,87.938599,2330.881348
4.000000,-7741.604980,-1169.673584,2470.061279
4.000000,-10668.800781,-1255.631470,2086.061279
5.000000,-13418.280273,-1076.690918,2135.983887
4.000000,-8662.646484,155.938599,2474.583740
4.000000,-12008.342773,40.844440,2092.061279
4.000000,-5699.695312,-1280.468506,2476.061279
4.000000,-1614.304321,131.597092,2416.061279
4.000000,-12484.044922,-1282.079590,2180.061279
4.000000,-9610.445312,-1212.061401,2282.125732
4.000000,-5645.587402,-1216.061401,2228.191650
4.000000,-12501.780273,-30.847118,2077.380615
4.000000,-5449.279785,-1180.746582,2405.138672
4.000000,-11109.833008,130.845230,2086.061279
4.000000,-2162.236084,-267.901672,2391.061279
4.000000,-9639.080078,74.798187,2476.061279
4.000000,-2254.287109,87.938599,2351.565674
5.000000,-13105.280273,-784.945740,2111.685791
5.000000,-14112.632812,153.660065,2092.061279
5.000000,-13276.639648,-734.061401,2182.288818
4.000000,-5631.136230,-1216.061401,2386.455322
4.000000,-3434.221680,-1216.061401,2410.115479
4.000000,-4143.279785,-68.189095,2390.807129
4.000000,-5259.471191,24.031853,2476.061279
4.000000,-11952.854492,-1283.492432,2186.061279
4.000000,-9753.774414,87.938599,2422.716797
4.000000,-8308.709961,83.938599,2357.290527
4.000000,-5692.761230,146.203964,2476.061279
4.000000,-12366.454102,-442.937958,2179.930420
4.000000,-4147.279785,-69.742897,2332.894043
4.000000,-2333.677246,-1189.633179,2176.061279
4.000000,-8927.926758,-411.162445,2274.061279
5.000000,-13550.252930,17.063452,2086.061279
4.000000,-4139.279785,-535.302429,2334.873779
4.000000,-4608.747559,-1216.061401,2425.485840
4.000000,-3111.595459,-1216.061401,2440.270752
4.000000,-5140.765137,135.015564,2176.061279
4.000000,-8944.994141,-640.791443,2356.220215
4.000000,-1731.918579,-1212.061401,2277.023926
4.000000,-11618.128906,-145.940857,2076.061279
4.000000,-5032.262207,-1224.213745,2176.061279
4.000000,-6763.279785,-769.996216,2381.190186
4.000000,-11061.874023,-1280.052612,2228.059570
4.000000,-12309.617188,-309.546417,2092.164551
4.000000,-11900.576172,-974.293701,2176.061279
4.000000,-6767.650879,25.001095,2476.061279
4.000000,-12457.610352,-394.420441,2142.553467
4.000000,-12093.003906,-285.699219,2081.061279
4.000000,-6734.492676,-1260.453003,2176.061279
4.000000,-12500.901367,-612.158386,2180.061279
4.000000,-2390.543701,87.938599,2331.217041
4.000000,-10808.583008,-1212.061401,2219.038086
4.000000,-11723.877930,-1277.375854,2086.061279
4.000000,-6383.635742,20.571026,2476.061279
4.000000,-4083.424561,-346.756653,2270.061279
4.000000,-9007.813477,83.938599,2367.617920
4.000000,-2998.280029,-28.725811,2244.683350
4.000000,-4500.507812,-41.676743,2476.061279
4.000000,-1870.804077,22.488533,2416.061279
4.000000,-6510.125000,83.938599,2423.102539
4.000000,-2489.526123,27.863935,2182.061279
4.000000,-9162.680664,-1147.401123,2182.061279
4.000000,-9656.842773,-1144.061401,2474.142578
4.000000,-9088.532227,-1216.061401,2268.500732
4.000000,-11529.219727,-587.505920,2174.061279
4.000000,-3429.228760,-1216.061401,2403.151123
4.000000,-12154.482422,83.938599,2165.747559
4.000000,-1465.456055,64.194519,2416.061279
4.000000,-12510.447266,-716.344788,2135.061279
4.000000,-10093.243164,-1150.137695,2476.061279
4.000000,-5446.878906,-107.208450,2429.898926
4.000000,-6385.531250,-1212.061401,2431.135742
4.000000,-2157.706299,138.633698,2416.061279
5.000000,-13108.153320,-291.135071,2094.324951
4.000000,-5421.904785,-1193.673706,2176.061279
4.000000,-12355.469727,17.633978,2180.061279
4.000000,-9494.707031,-1152.410767,2470.061279
4.000000,-12350.930664,-488.251770,2096.322754
4.000000,-1586.652344,89.432671,2182.061279
4.000000,-12821.607422,-381.691345,2186.061279
4.000000,-8948.280273,-194.603378,2395.793701
4.000000,-10675.280273,15.663331,2138.931885
4.000000,-5374.526367,-1278.583862,2476.061279
4.000000,-10248.214844,83.938599,2320.826416
4.000000,-8874.138672,-666.765381,2274.061279
5.000000,-13226.037109,-758.061401,2158.633301
4.000000,-9210.282227,-1158.724976,2182.061279
4.000000,-11224.791016,-232.272522,2174.061279
5.000000,-13140.466797,-1244.228882,2186.061279
4.000000,-5591.752441,149.063431,2176.061279
5.000000,-13852.358398,-1149.981567,2086.061279
4.000000,-1632.739380,-1212.061401,2343.218506
4.000000,-9075.650391,-1216.061401,2215.512695
4.000000,-4366.484375,-1138.333740,2472.656738
4.000000,-9019.734375,-1207.193970,2176.061279
4.000000,-6601.125488,-1144.879395,2470.061279
5.000000,-13106.078125,-985.094604,2097.971924
5.000000,-13958.280273,29.237810,2147.861328
4.000000,-12751.555664,-769.061401,2117.027100
4.000000,-12409.661133,82.031189,2186.061279
5.000000,-13331.652344,-1221.953247,2186.061279
4.000000,-6912.845215,-1277.339355,2176.061279
5.000000,-13756.166992,147.370880,2092.061279
4.000000,-6884.857422,-1212.061401,2405.017822
4.000000,-11639.356445,-1150.596802,2187.677979
4.000000,-4640.966797,-1126.359253,2476.061279
4.000000,-12601.770508,-219.041199,2180.061279
5.000000,-13396.119141,-535.848083,2177.061279
4.000000,-11400.039062,149.509903,2092.061279
4.000000,-1561.165283,-1216.061401,2208.798584
4.000000,-12810.085938,-1130.361694,2180.061279
4.000000,-1903.907471,-1283.591553,2182.061279
4.000000,-6491.945801,-1144.061401,2475.491211
4.000000,-6693.450684,-1052.428223,2426.061279
4.000000,-6460.457031,-1212.061401,2360.817627
4.000000,-11263.957031,72.380989,2213.928467
4.000000,-11132.823242,22.298058,2229.112793
5.000000,-13274.257812,-814.061401,2183.412842
4.000000,-8844.247070,-1212.061401,2321.047607
4.000000,-2119.005371,-1159.268555,2176.061279
5.000000,-13454.545898,-425.954956,2076.061279
5.000000,-13274.791016,-1210.349976,2186.061279
5.000000,-13578.043945,-758.061401,2132.590820
4.000000,-8616.789062,80.955315,2476.061279
4.000000,-4848.519531,18.985432,2476.061279
4.000000,-820.871643,86.004356,2176.061279
4.000000,-6154.279785,-1283.355347,2472.610352
4.000000,-2104.276123,-1124.062988,2235.061279
4.000000,-12043.280273,-539.862976,2121.970459
4.000000,-6751.242188,-672.814575,2274.061279
4.000000,-12643.408203,-766.308411,2180.061279
4.000000,-5484.048340,87.938599,2256.353516
4.000000,-11008.641602,-1241.359253,2092.061279
4.000000,-9262.896484,-1275.141968,2176.061279
4.000000,-1130.266357,-1212.061401,2349.201172
4.000000,-5813.280762,31.714064,2260.226807
4.000000,-12279.250000,-1262.709839,2092.061279
4.000000,-9947.506836,150.762100,2176.061279
4.000000,-3316.858154,102.132843,2176.061279
4.000000,-865.414001,-1216.061401,2188.158936
4.000000,-10935.311523,-1189.699829,2092.061279
4.000000,-9279.622070,83.938599,2213.155029
4.000000,-12358.768555,-229.211777,2182.413574
4.000000,-8462.679688,-1235.962769,2476.061279
4.000000,-4499.280762,-1162.416992,2228.151855
5.000000,-13371.120117,87.938599,2137.747803
4.000000,-2955.263672,-1212.061401,2305.180176
4.000000,-11576.280273,-297.660950,2167.943359
4.000000,-12043.280273,-901.205627,2141.184814
4.000000,-8338.900391,-1144.676270,2476.061279
5.000000,-13211.135742,150.182861,2180.061279
4.000000,-1841.824951,86.437790,2182.061279
4.000000,-2121.830322,-292.568695,2231.061279
4.000000,-4934.540039,90.034729,2470.061279
4.000000,-4462.056641,87.938599,2347.412354
4.000000,-4689.739746,83.938599,2293.327393
4.000000,-8805.842773,-1225.213867,2476.061279
4.000000,-8457.847656,35.548161,2476.061279
4.000000,-12760.201172,-1136.540161,2186.061279
4.000000,-5517.336914,-1216.061401,2319.440918
4.000000,-11928.416016,-98.988731,2176.061279
4.000000,-9952.093750,-1278.142090,2182.061279
4.000000,-12439.512695,-1073.689209,2180.061279
5.000000,-13692.109375,-1196.633789,2086.061279
4.000000,-10725.280273,-683.415344,2175.153564
4.000000,-10461.431641,-1216.061401,2253.986084
4.000000,-11947.332031,28.536913,2180.061279
